signal_date,execution_date,expected_members,eligible_members,missing_members,coverage,selected,selected_momentum,target_invested_weight,parameters,coverage_gate_passed,turnover,transaction_cost,portfolio_value_before_trade
2017-12-29,2018-01-02,30,30,[],1.0,"['CAT', 'WMT', 'INTC', 'NKE', 'BA']","{'CAT': 0.2711083867467867, 'WMT': 0.2704172775413989, 'INTC': 0.21936863236609128, 'NKE': 0.2103712059260714, 'BA': 0.16634044411943893}",1.0,"{'lookback_days': 63, 'skip_recent_days': 0, 'top_n': 5}",True,0.9990009990010001,0.000999000999001,1.0
2018-01-31,2018-02-01,30,30,[],1.0,"['BA', 'NKE', 'WMT', 'CSCO', 'HD']","{'BA': 0.37425279277142387, 'NKE': 0.2384039601380432, 'WMT': 0.2324533166982361, 'CSCO': 0.2294313968816537, 'HD': 0.22144890994699584}",1.0,"{'lookback_days': 63, 'skip_recent_days': 0, 'top_n': 5}",True,0.8039010241265739,0.0008655672380230517,1.0767087141896319
2018-02-28,2018-03-01,30,30,[],1.0,"['BA', 'CSCO', 'JPM', 'RTX', 'CAT']","{'BA': 0.37057744824843275, 'CSCO': 0.2235965987929589, 'JPM': 0.18555746583960397, 'RTX': 0.1568355669221908, 'CAT': 0.13235423772626875}",1.0,"{'lookback_days': 63, 'skip_recent_days': 0, 'top_n': 5}",True,1.1997600479902222,0.0012598826379233083,1.050112178709235
2018-03-29,2018-04-02,30,30,[],1.0,"['INTC', 'CSCO', 'BA', 'MSFT', 'NKE']","{'INTC': 0.13713559164524658, 'CSCO': 0.1205894977202131, 'BA': 0.11460166273737693, 'MSFT': 0.06987205790699202, 'NKE': 0.05863339491141106}",1.0,"{'lookback_days': 63, 'skip_recent_days': 0, 'top_n': 5}",True,1.216015609470103,0.0011947364369023598,0.9825009050854078
2018-04-30,2018-05-01,30,30,[],1.0,"['CSCO', 'INTC', 'V', 'NKE', 'MSFT']","{'CSCO': 0.04191470374867312, 'INTC': 0.0398201151937001, 'V': 0.01811008798354119, 'NKE': 0.015046952212646625, 'MSFT': 0.00041810728060420743}",1.0,"{'lookback_days': 63, 'skip_recent_days': 0, 'top_n': 5}",True,0.4100806741955562,0.00041233238838629183,1.005490905405754
2018-05-31,2018-06-01,30,30,[],1.0,"['INTC', 'CVX', 'MRK', 'XOM', 'V']","{'INTC': 0.16050530217456083, 'CVX': 0.11909917921031599, 'MRK': 0.1182601429926724, 'XOM': 0.0912690303218524, 'V': 0.08745882090848522}",1.0,"{'lookback_days': 63, 'skip_recent_days': 0, 'top_n': 5}",True,1.2019278768299464,0.0012658548552568034,1.0531870336475286
2018-06-29,2018-07-02,30,29,['WBA'],0.9666666666666667,"['NKE', 'MRK', 'XOM', 'CVX', 'HD']","{'NKE': 0.24614070578017944, 'MRK': 0.14828393248049165, 'XOM': 0.1413349041973455, 'CVX': 0.13624778991428954, 'HD': 0.13471575174405648}",1.0,"{'lookback_days': 63, 'skip_recent_days': 0, 'top_n': 5}",True,0.8001600320061343,0.0008242883994543945,1.0301544272184733
2018-07-31,2018-08-01,30,29,['WBA'],0.9666666666666667,"['RTX', 'MRK', 'DIS', 'PFE', 'PG']","{'RTX': 0.14749327948809388, 'MRK': 0.14486095577300717, 'DIS': 0.14404176007606528, 'PFE': 0.1389771093595451, 'PG': 0.13415821378371584}",1.0,"{'lookback_days': 63, 'skip_recent_days': 0, 'top_n': 5}",True,1.5990405756544064,0.001666502164121039,1.0421887908873257
2018-08-31,2018-09-04,30,29,['WBA'],0.9666666666666667,"['AAPL', 'VZ', 'PFE', 'WMT', 'PG']","{'AAPL': 0.19078496442623383, 'VZ': 0.15015375515994744, 'PFE': 0.14879409288107426, 'WMT': 0.1287375858482056, 'PG': 0.12837478744552677}",1.0,"{'lookback_days': 63, 'skip_recent_days': 0, 'top_n': 5}",True,1.19976004799006,0.0012713157848385827,1.0596417066632604
2018-09-28,2018-10-01,30,29,['WBA'],0.9666666666666667,"['PFE', 'AAPL', 'MRK', 'MSFT', 'JNJ']","{'PFE': 0.22506202953642918, 'AAPL': 0.2237681083807086, 'MRK': 0.17667259065845187, 'MSFT': 0.16428508206548198, 'JNJ': 0.14628973171402015}",1.0,"{'lookback_days': 63, 'skip_recent_days': 0, 'top_n': 5}",True,1.2044170705490271,0.0012887116078307435,1.0699878300822248
2018-10-31,2018-11-01,30,29,['WBA'],0.9666666666666667,"['MCD', 'WMT', 'MRK', 'VZ', 'PG']","{'MCD': 0.14538541151059703, 'WMT': 0.13635048846448483, 'MRK': 0.1363424585963613, 'VZ': 0.11047742181102782, 'PG': 0.09101917167442153}",1.0,"{'lookback_days': 63, 'skip_recent_days': 0, 'top_n': 5}",True,1.5990405756541357,0.0016837750931732814,1.0529908488935513
2018-11-30,2018-12-03,30,29,['WBA'],0.9666666666666667,"['MCD', 'MRK', 'KO', 'PG', 'PFE']","{'MCD': 0.1691582043071762, 'MRK': 0.16462069324058626, 'KO': 0.14944241584520435, 'PG': 0.14942828384590445, 'PFE': 0.12203164702144109}",1.0,"{'lookback_days': 63, 'skip_recent_days': 0, 'top_n': 5}",True,0.8001600320060697,0.0008815201355210047,1.1016797893678323
2018-12-31,2019-01-02,30,29,['WBA'],0.9666666666666667,"['MRK', 'PFE', 'PG', 'MCD', 'VZ', 'WMT', 'KO', 'JNJ', 'DIS', 'MSFT']","{'MRK': 0.27628730675627944, 'PFE': 0.22275006219067306, 'PG': 0.19874258064230177, 'MCD': 0.1473639851675277, 'VZ': 0.14295330596288802, 'WMT': 0.09985150307093948, 'KO': 0.09736361121265236, 'JNJ': 0.07744595705306478, 'DIS': 0.06276845947810239, 'MSFT': 0.038447931090751286}",1.0,"{'lookback_days': 126, 'skip_recent_days': 0, 'top_n': 10}",True,1.0000000000000069,0.0010388647104461381,1.038864710446131
2019-01-31,2019-02-01,30,29,['WBA'],0.9666666666666667,"['PG', 'MCD', 'MRK', 'CSCO', 'BA', 'PFE', 'VZ', 'WMT', 'UNH', 'NKE']","{'PG': 0.21281134805545898, 'MCD': 0.1489490895489296, 'MRK': 0.14563752106564953, 'CSCO': 0.1345081721175274, 'BA': 0.09266058319752601, 'PFE': 0.08987232462788985, 'VZ': 0.0892940111816578, 'WMT': 0.08609870572145395, 'UNH': 0.07407803940866464, 'NKE': 0.07041074013795834}",1.0,"{'lookback_days': 126, 'skip_recent_days': 0, 'top_n': 10}",True,0.8171643771715352,0.0008734698512715795,1.068903485850589
2019-02-28,2019-03-01,30,29,['WBA'],0.9666666666666667,"['BA', 'PG', 'MRK', 'MCD', 'CSCO', 'INTC', 'VZ', 'PFE', 'WMT', 'NKE']","{'BA': 0.25575892696673175, 'PG': 0.20094857064242766, 'MRK': 0.1946423313861081, 'MCD': 0.1672075159433759, 'CSCO': 0.12735712853522263, 'INTC': 0.1092268517809547, 'VZ': 0.0601890759035546, 'PFE': 0.059789441496276075, 'WMT': 0.05278403409996835, 'NKE': 0.042906480270522795}",1.0,"{'lookback_days': 126, 'skip_recent_days': 0, 'top_n': 10}",True,0.21545987426324792,0.00024052572465425932,1.1163365126649338
2019-03-29,2019-04-01,30,29,['WBA'],0.9666666666666667,"['PG', 'MRK', 'INTC', 'MCD', 'VZ', 'CSCO', 'TRV', 'BA', 'V', 'MSFT']","{'PG': 0.27071400639088083, 'MRK': 0.19893870173169637, 'INTC': 0.18994464825798985, 'MCD': 0.16003567325321377, 'VZ': 0.13679317964353355, 'CSCO': 0.13149938661749694, 'TRV': 0.07197122897787844, 'BA': 0.05499918534643511, 'V': 0.050067110376882606, 'MSFT': 0.043651016304192325}",1.0,"{'lookback_days': 126, 'skip_recent_days': 0, 'top_n': 10}",True,0.627745743900496,0.0007031477239318135,1.1201154779048084
2019-04-30,2019-05-01,30,28,"['DOW', 'WBA']",0.9333333333333333,"['CSCO', 'CAT', 'MSFT', 'PG', 'DIS', 'NKE', 'TRV', 'V', 'INTC', 'RTX']","{'CSCO': 0.24785940624267533, 'CAT': 0.2208550516580272, 'MSFT': 0.21629168401998689, 'PG': 0.21438004053562598, 'DIS': 0.20911359438401877, 'NKE': 0.2081713578267672, 'TRV': 0.2000169687167468, 'V': 0.174300345093223, 'INTC': 0.1664809598036665, 'RTX': 0.15980934670976388}",1.0,"{'lookback_days': 126, 'skip_recent_days': 0, 'top_n': 10}",True,0.8140697706043544,0.0009217919417450896,1.1323254775334106
2019-05-31,2019-06-03,30,28,"['DOW', 'WBA']",0.9333333333333333,"['V', 'DIS', 'MSFT', 'CSCO', 'TRV', 'PG', 'HD', 'MCD', 'BA', 'WMT']","{'V': 0.19093641694725827, 'DIS': 0.1682545121247696, 'MSFT': 0.1635990001611456, 'CSCO': 0.14407703516562376, 'TRV': 0.13673389479567155, 'PG': 0.12657644737904516, 'HD': 0.11077165336512018, 'MCD': 0.09374689206885689, 'BA': 0.08574227801734757, 'WMT': 0.08467040871470188}",1.0,"{'lookback_days': 126, 'skip_recent_days': 0, 'top_n': 10}",True,0.8002541179799558,0.0008426170161796901,1.0529368075064318
2019-06-28,2019-07-01,30,28,"['DOW', 'WBA']",0.9333333333333333,"['MSFT', 'V', 'AXP', 'DIS', 'CSCO', 'AAPL', 'TRV', 'GS', 'RTX', 'IBM']","{'MSFT': 0.3345539413248486, 'V': 0.31899330164431516, 'AXP': 0.31373040923569495, 'DIS': 0.31092746129835813, 'CSCO': 0.29347410500040416, 'AAPL': 0.27783730731648615, 'TRV': 0.27439987649997954, 'GS': 0.24751897134676804, 'RTX': 0.24523649102604939, 'IBM': 0.24067374505304517}",1.0,"{'lookback_days': 126, 'skip_recent_days': 0, 'top_n': 10}",True,1.0106730509553947,0.001144545183868635,1.1324583976852753
2019-07-31,2019-08-01,30,28,"['DOW', 'WBA']",0.9333333333333333,"['DIS', 'AAPL', 'V', 'MSFT', 'PG', 'AXP', 'CSCO', 'HD', 'TRV', 'WMT']","{'DIS': 0.3065980087983866, 'AAPL': 0.2997135854634274, 'V': 0.2978562578056969, 'MSFT': 0.2912067962332596, 'PG': 0.2657970182701621, 'AXP': 0.21944684671348713, 'CSCO': 0.20108308876305014, 'HD': 0.18998368599628934, 'TRV': 0.17810464557508476, 'WMT': 0.17682899730413681}",1.0,"{'lookback_days': 126, 'skip_recent_days': 0, 'top_n': 10}",True,0.6208327640862508,0.0007177424611833064,1.156096299523896
2019-08-30,2019-09-03,30,28,"['DOW', 'WBA']",0.9333333333333333,"['HD', 'MSFT', 'PG', 'V', 'KO', 'MCD', 'DIS', 'AAPL', 'WMT', 'TRV']","{'HD': 0.25791717697917926, 'MSFT': 0.23669237837887014, 'PG': 0.23255642935139198, 'V': 0.22573271893810865, 'KO': 0.22571519159696152, 'MCD': 0.2204760186866106, 'DIS': 0.20799460496184663, 'AAPL': 0.19613291534039323, 'WMT': 0.18603515216645894, 'TRV': 0.12481056147782588}",1.0,"{'lookback_days': 126, 'skip_recent_days': 0, 'top_n': 10}",True,0.40965487257220723,0.00046554380568414506,1.1364293136830361
2019-09-30,2019-10-01,30,29,['WBA'],0.9666666666666667,"['WMT', 'PG', 'HD', 'KO', 'AAPL', 'MSFT', 'DIS', 'MCD', 'JPM', 'NKE']","{'WMT': 0.2256978816848232, 'PG': 0.21641468809573516, 'HD': 0.2015654327209253, 'KO': 0.18292167960458805, 'AAPL': 0.1801231604335607, 'MSFT': 0.1763509155032652, 'DIS': 0.16547026667927733, 'MCD': 0.1524460899166442, 'JPM': 0.14134325290342953, 'NKE': 0.10788088479326041}",1.0,"{'lookback_days': 126, 'skip_recent_days': 0, 'top_n': 10}",True,0.4228608789897791,0.00048723339515487735,1.1522309567129623
2019-10-31,2019-11-01,30,29,['WBA'],0.9666666666666667,"['PG', 'HD', 'AAPL', 'WMT', 'KO', 'MSFT', 'V', 'INTC', 'UNH', 'MRK']","{'PG': 0.18888399896328578, 'HD': 0.18502171706297, 'AAPL': 0.1837864223643968, 'WMT': 0.16049376255925862, 'KO': 0.13415382916481144, 'MSFT': 0.12009242267208031, 'V': 0.10709484041936279, 'INTC': 0.10647766914863377, 'UNH': 0.09944423232569566, 'MRK': 0.09773192692808608}",1.0,"{'lookback_days': 126, 'skip_recent_days': 0, 'top_n': 10}",True,0.8065285256106905,0.0009409590715611884,1.166677980606711
2019-11-29,2019-12-02,30,29,['WBA'],0.9666666666666667,"['AAPL', 'INTC', 'MSFT', 'JPM', 'GS', 'CAT', 'NKE', 'UNH', 'PG', 'RTX']","{'AAPL': 0.5526305488553662, 'INTC': 0.35213001453344894, 'MSFT': 0.2717031957213851, 'JPM': 0.2563944583972353, 'GS': 0.22274735640854937, 'CAT': 0.21831735608600522, 'NKE': 0.20543972844140845, 'UNH': 0.19392561792737273, 'PG': 0.1910904532325861, 'RTX': 0.18213468695903456}",1.0,"{'lookback_days': 126, 'skip_recent_days': 0, 'top_n': 10}",True,1.008788781814663,0.0012028269187649911,1.1923476355489224
2019-12-31,2020-01-02,30,29,['WBA'],0.9666666666666667,"['UNH', 'AAPL', 'CAT', 'JPM', 'DOW']","{'UNH': 0.35863984133626103, 'AAPL': 0.31141915303653134, 'CAT': 0.21631773436501223, 'JPM': 0.21606797984734505, 'DOW': 0.20580280759147973}",1.0,"{'lookback_days': 63, 'skip_recent_days': 0, 'top_n': 5}",True,1.1888679595690659,0.0014820948667566378,1.2466437965860053
2020-01-31,2020-02-03,30,29,['WBA'],0.9666666666666667,"['AAPL', 'MSFT', 'INTC', 'JNJ', 'V']","{'AAPL': 0.27616247963932117, 'MSFT': 0.18117171207549565, 'INTC': 0.1357216007350801, 'JNJ': 0.12843577021834807, 'V': 0.11187339394743767}",1.0,"{'lookback_days': 63, 'skip_recent_days': 0, 'top_n': 5}",True,1.5990405756544015,0.0018497000675697973,1.1567561797566108
2020-02-28,2020-03-02,30,29,['WBA'],0.9666666666666667,"['MSFT', 'AAPL', 'MCD']","{'MSFT': 0.06855601412654422, 'AAPL': 0.0367730115424143, 'MCD': 0.013541687861710283}",0.6000000000000001,"{'lookback_days': 63, 'skip_recent_days': 0, 'top_n': 5}",True,0.8001600320060248,0.0008526224719273534,1.065564934291711
2020-03-31,2020-04-01,30,29,['WBA'],0.9666666666666667,['MSFT'],{'MSFT': 0.0034945726470771987},0.2,"{'lookback_days': 63, 'skip_recent_days': 0, 'top_n': 5}",True,0.367684688933618,0.0003621540351766638,0.9849581613719229
2020-04-30,2020-05-01,30,29,['WBA'],0.9666666666666667,"['WMT', 'UNH', 'MSFT', 'PFE', 'JNJ']","{'WMT': 0.04724513056906643, 'UNH': 0.04540118224531908, 'MSFT': 0.04004814156270253, 'PFE': 0.03479904201341255, 'JNJ': 0.004234545423026148}",1.0,"{'lookback_days': 63, 'skip_recent_days': 0, 'top_n': 5}",True,0.8226594868675481,0.0008341280403984446,1.0139408269326176
2020-05-29,2020-06-01,30,29,['WBA'],0.9666666666666667,"['CSCO', 'UNH', 'AAPL', 'WMT', 'PFE']","{'CSCO': 0.20895066520164152, 'UNH': 0.20085705889958816, 'AAPL': 0.1662302512324989, 'WMT': 0.16230583423164813, 'PFE': 0.15411711744384404}",1.0,"{'lookback_days': 63, 'skip_recent_days': 0, 'top_n': 5}",True,0.8250196776003111,0.0008449508322304744,1.0241583990919294
2020-06-30,2020-07-01,30,29,['WBA'],0.9666666666666667,"['AAPL', 'DOW', 'HD', 'MSFT', 'GS']","{'AAPL': 0.4384659758984739, 'DOW': 0.41892417329583154, 'HD': 0.3497179732149758, 'MSFT': 0.2940005450842451, 'GS': 0.2863403815145318}",1.0,"{'lookback_days': 63, 'skip_recent_days': 0, 'top_n': 5}",True,1.5990405756543937,0.0016540009522708144,1.0343708455264986
2020-07-31,2020-08-03,30,29,['WBA'],0.9666666666666667,"['AAPL', 'DOW', 'HD', 'CAT', 'TRV']","{'AAPL': 0.47435054159513457, 'DOW': 0.23179188611535606, 'HD': 0.2219210692400042, 'CAT': 0.20738840430198335, 'TRV': 0.19921794645129398}",1.0,"{'lookback_days': 63, 'skip_recent_days': 0, 'top_n': 5}",True,0.8184566963102794,0.0008967265305811679,1.0956310023776947
2020-08-31,2020-09-01,30,29,['WBA'],0.9666666666666667,"['AAPL', 'CRM', 'MSFT', 'PG', 'CAT']","{'AAPL': 0.5992161942169616, 'CRM': 0.5648852969128273, 'MSFT': 0.2226227627683317, 'PG': 0.17908604750666957, 'CAT': 0.16263194359397248}",1.0,"{'lookback_days': 63, 'skip_recent_days': 0, 'top_n': 5}",True,1.208122308264215,0.0014482751266383827,1.1987818755860988
2020-09-30,2020-10-01,30,29,['WBA'],0.9666666666666667,"['CRM', 'NKE', 'AAPL', 'MCD', 'CAT']","{'CRM': 0.3097088240202488, 'NKE': 0.2917670547840081, 'AAPL': 0.2745466714318203, 'MCD': 0.1955711920922536, 'CAT': 0.19202766629822077}",1.0,"{'lookback_days': 63, 'skip_recent_days': 0, 'top_n': 5}",True,0.8469316661411317,0.0009811562203035783,1.1584833340498566
2020-10-30,2020-11-02,30,29,['WBA'],0.9666666666666667,"['NKE', 'CAT', 'DOW', 'CRM', 'HON']","{'NKE': 0.22389904300966723, 'CAT': 0.19903786822886027, 'DOW': 0.15216914617998523, 'CRM': 0.14311747644100592, 'HON': 0.11682889923572559}",1.0,"{'lookback_days': 63, 'skip_recent_days': 0, 'top_n': 5}",True,0.8225753385538691,0.0009248659029718343,1.1243540374037926
2020-11-30,2020-12-01,30,29,['WBA'],0.9666666666666667,"['HON', 'CAT', 'BA', 'NKE', 'DOW']","{'HON': 0.2375482214448612, 'CAT': 0.22725273959260384, 'BA': 0.22634150699495836, 'NKE': 0.2038611255053573, 'DOW': 0.18962402710824655}",1.0,"{'lookback_days': 63, 'skip_recent_days': 0, 'top_n': 5}",True,0.41939910133738256,0.000535245323132589,1.276219527952719
2020-12-31,2021-01-04,30,29,['WBA'],0.9666666666666667,"['AAPL', 'CAT', 'CRM', 'HON', 'DOW']","{'AAPL': 0.5151746669490869, 'CAT': 0.3818856426826511, 'CRM': 0.3792215372592225, 'HON': 0.3585790862531135, 'DOW': 0.3220506419743474}",1.0,"{'lookback_days': 126, 'skip_recent_days': 21, 'top_n': 5}",True,0.8001600320063967,0.0010464067292194638,1.3077468098420324
2021-01-29,2021-02-01,30,29,['WBA'],0.9666666666666667,"['DIS', 'AAPL', 'HON', 'NKE', 'CAT']","{'DIS': 0.589992053477745, 'AAPL': 0.4840597070372814, 'HON': 0.4613639355892569, 'NKE': 0.4499654289229651, 'CAT': 0.4154951518463137}",1.0,"{'lookback_days': 126, 'skip_recent_days': 21, 'top_n': 5}",True,0.8218074686557117,0.0010546438974285567,1.2833223566995706
2021-02-26,2021-03-01,30,29,['WBA'],0.9666666666666667,"['AAPL', 'DIS', 'GS', 'NKE', 'JPM']","{'AAPL': 0.5287706197010384, 'DIS': 0.40325355727658074, 'GS': 0.3713105331094413, 'NKE': 0.36672314142591533, 'JPM': 0.33555095082321906}",1.0,"{'lookback_days': 126, 'skip_recent_days': 21, 'top_n': 5}",True,0.8681653227088233,0.0011755482067491339,1.3540603108647828
2021-03-31,2021-04-01,30,29,['WBA'],0.9666666666666667,"['GS', 'CAT', 'JPM', 'DIS', 'DOW']","{'GS': 0.6179928071018146, 'CAT': 0.5198328397155161, 'JPM': 0.4838219457964539, 'DIS': 0.43086904942845705, 'DOW': 0.3946534959668371}",1.0,"{'lookback_days': 126, 'skip_recent_days': 21, 'top_n': 5}",True,0.8116503462832922,0.0010916656809957267,1.344995028948956
2021-04-30,2021-05-03,30,29,['WBA'],0.9666666666666667,"['GS', 'JPM', 'CAT', 'BA', 'CVX']","{'GS': 0.6772894985024758, 'JPM': 0.6229583458489976, 'CAT': 0.5909879411780974, 'BA': 0.556968164533763, 'CVX': 0.4997908393092878}",1.0,"{'lookback_days': 126, 'skip_recent_days': 21, 'top_n': 5}",True,0.808070081113604,0.001107538430549856,1.3705970019624456
2021-05-28,2021-06-01,30,29,['WBA'],0.9666666666666667,"['GS', 'AXP', 'JPM', 'CVX', 'BA']","{'GS': 0.8207684827504313, 'AXP': 0.639509163178499, 'JPM': 0.5828879101794893, 'CVX': 0.5825961235264359, 'BA': 0.5198402093060721}",1.0,"{'lookback_days': 126, 'skip_recent_days': 21, 'top_n': 5}",True,0.4146810000168638,0.0006042008995477713,1.4570257608214512
2021-06-30,2021-07-01,30,29,['WBA'],0.9666666666666667,"['GS', 'CAT', 'JPM', 'AXP', 'DOW']","{'GS': 0.6454489370113894, 'CAT': 0.40024416492125403, 'JPM': 0.38781458318661266, 'AXP': 0.36684758475137147, 'DOW': 0.29812410020381597}",1.0,"{'lookback_days': 126, 'skip_recent_days': 21, 'top_n': 5}",True,0.8182564390311274,0.0011768764757381675,1.4382734062339566
2021-07-30,2021-08-02,30,29,['WBA'],0.9666666666666667,"['GS', 'AXP', 'CVX', 'JPM', 'CAT']","{'GS': 0.4817548896180339, 'AXP': 0.4077175773487349, 'CVX': 0.27078091374105684, 'JPM': 0.26056202486648217, 'CAT': 0.2441370489799659}",1.0,"{'lookback_days': 126, 'skip_recent_days': 21, 'top_n': 5}",True,0.414910290169172,0.0005872093393156146,1.4152681994852208
2021-08-31,2021-09-01,30,29,['WBA'],0.9666666666666667,"['AXP', 'GS', 'UNH', 'NKE', 'CSCO']","{'AXP': 0.4545140413325175, 'GS': 0.3866623891397971, 'UNH': 0.25321539184453146, 'NKE': 0.24850266908180418, 'CSCO': 0.23869776788124986}",1.0,"{'lookback_days': 126, 'skip_recent_days': 21, 'top_n': 5}",True,1.2184803985858106,0.0017599421775830694,1.4443746322269022
2021-09-30,2021-10-01,30,29,['WBA'],0.9666666666666667,"['MSFT', 'CSCO', 'CRM', 'HD', 'UNH']","{'MSFT': 0.33220422227383106, 'CSCO': 0.32633594728880766, 'CRM': 0.2877184783490818, 'HD': 0.2820373980316111, 'UNH': 0.25958778876979505}",1.0,"{'lookback_days': 126, 'skip_recent_days': 21, 'top_n': 5}",True,1.2039697560843958,0.0016258629606784195,1.3504184407140953
2021-10-29,2021-11-01,30,29,['WBA'],0.9666666666666667,"['CRM', 'MSFT', 'GS', 'AXP', 'AAPL']","{'CRM': 0.24003311790325577, 'MSFT': 0.16819435267743477, 'GS': 0.16331875057362266, 'AXP': 0.16183885834680511, 'AAPL': 0.15408707208916517}",1.0,"{'lookback_days': 126, 'skip_recent_days': 21, 'top_n': 5}",True,1.2048681319341676,0.0018302707293319789,1.5190631080879002
2021-11-30,2021-12-01,30,29,['WBA'],0.9666666666666667,"['CRM', 'MSFT', 'NKE', 'MRK', 'GS']","{'CRM': 0.3393366844378014, 'MSFT': 0.3222509514901517, 'NKE': 0.2621526964980414, 'MRK': 0.23589969335772154, 'GS': 0.190202310267249}",1.0,"{'lookback_days': 126, 'skip_recent_days': 21, 'top_n': 5}",True,0.8482134563649191,0.0012503757564037885,1.4741286488926566
2021-12-31,2022-01-03,30,29,['WBA'],0.9666666666666667,"['UNH', 'HD', 'AAPL', 'PG', 'MSFT', 'CSCO', 'CVX', 'NKE', 'KO', 'MCD']","{'UNH': 0.2837391061289931, 'HD': 0.26334330776759063, 'AAPL': 0.24661198346826474, 'PG': 0.1792097562388426, 'MSFT': 0.1654625671407759, 'CSCO': 0.15702023006389876, 'CVX': 0.13779651887219346, 'NKE': 0.13538408220398868, 'KO': 0.1254088508329687, 'MCD': 0.1096041652929487}",1.0,"{'lookback_days': 63, 'skip_recent_days': 0, 'top_n': 10}",True,1.5990405756542152,0.002336288176220747,1.4610562182044078
2022-01-31,2022-02-01,30,29,['WBA'],0.9666666666666667,"['AAPL', 'CVX', 'IBM', 'PG', 'AMGN', 'KO', 'DOW', 'V', 'JNJ', 'MCD']","{'AAPL': 0.16845872222064995, 'CVX': 0.1603449912862973, 'IBM': 0.13172351376300506, 'PG': 0.12816551539840648, 'AMGN': 0.1066678714170699, 'KO': 0.09070636080995054, 'DOW': 0.08030737990420489, 'V': 0.06987865629055845, 'JNJ': 0.06470082967679636, 'MCD': 0.06246529846216853}",1.0,"{'lookback_days': 63, 'skip_recent_days': 0, 'top_n': 10}",True,0.9999999999996407,0.0014052741011404473,1.4052741011409522
2022-02-28,2022-03-01,30,29,['WBA'],0.9666666666666667,"['CVX', 'AXP', 'KO', 'AMGN', 'TRV', 'V', 'UNH', 'IBM', 'PG', 'AAPL']","{'CVX': 0.2707349981480536, 'AXP': 0.24364410341557985, 'KO': 0.16736774957614764, 'AMGN': 0.13591882454686033, 'TRV': 0.12468841011318066, 'V': 0.09522690475740725, 'UNH': 0.08527213277271262, 'IBM': 0.07059574872395658, 'PG': 0.06280385970446889, 'AAPL': 0.05433519285826072}",1.0,"{'lookback_days': 63, 'skip_recent_days': 0, 'top_n': 10}",True,0.6291689404818068,0.0008670955634774505,1.3781601533181906
2022-03-31,2022-04-01,30,29,['WBA'],0.9666666666666667,"['CVX', 'TRV', 'AXP', 'DOW', 'CAT', 'AMGN', 'MRK', 'KO', 'WMT', 'JNJ']","{'CVX': 0.401171501408222, 'TRV': 0.17141464491502978, 'AXP': 0.14199144146003784, 'DOW': 0.13576555911167, 'CAT': 0.08647706001188005, 'AMGN': 0.076934780455159, 'MRK': 0.07311206323109776, 'KO': 0.06285459195469767, 'WMT': 0.04418504920655897, 'JNJ': 0.035155302399575206}",1.0,"{'lookback_days': 63, 'skip_recent_days': 0, 'top_n': 10}",True,1.0226727942699454,0.0014779594925221128,1.4451929305278746
2022-04-29,2022-05-02,30,29,['WBA'],0.9666666666666667,"['CVX', 'DOW', 'WMT', 'MRK', 'UNH', 'KO', 'JNJ', 'CAT', 'TRV', 'AMGN']","{'CVX': 0.21211890277785694, 'DOW': 0.12095781793925786, 'WMT': 0.1167951827490663, 'MRK': 0.10604352536472517, 'UNH': 0.09439743879670592, 'KO': 0.0700948393408749, 'JNJ': 0.05721176544719486, 'CAT': 0.05164878625716374, 'TRV': 0.030801621780069066, 'AMGN': 0.026400388794250773}",1.0,"{'lookback_days': 63, 'skip_recent_days': 0, 'top_n': 10}",True,0.2378257016104034,0.0003415496797315644,1.4361344355080576
2022-05-31,2022-06-01,30,29,['WBA'],0.9666666666666667,"['MRK', 'DOW', 'CAT', 'CVX', 'IBM', 'AMGN', 'JNJ', 'TRV', 'HON', 'MCD']","{'MRK': 0.21625128474841637, 'DOW': 0.20232367431021503, 'CAT': 0.18626666327000274, 'CVX': 0.17617486776868607, 'IBM': 0.158007453772824, 'AMGN': 0.1491616688820525, 'JNJ': 0.10172961252007373, 'TRV': 0.07245971320236677, 'HON': 0.05998506135777393, 'MCD': 0.05249746905431496}",1.0,"{'lookback_days': 63, 'skip_recent_days': 0, 'top_n': 10}",True,0.6037833539923514,0.0008822534415728653,1.461208620176769
2022-06-30,2022-07-01,30,29,['WBA'],0.9666666666666667,"['MRK', 'IBM', 'KO', 'AMGN']","{'MRK': 0.11548697151831022, 'IBM': 0.08153111938458313, 'KO': 0.018558492940138782, 'AMGN': 0.011067971885185157}",0.4,"{'lookback_days': 63, 'skip_recent_days': 0, 'top_n': 10}",True,0.8001600320064052,0.001070784514180359,1.3382129465968973
2022-07-29,2022-08-01,30,29,['WBA'],0.9666666666666667,"['GS', 'AMGN', 'MCD', 'UNH', 'BA', 'CVX', 'HON', 'MRK']","{'GS': 0.05345842342070406, 'AMGN': 0.047571674292300026, 'MCD': 0.0418569650362306, 'UNH': 0.037858944918053306, 'BA': 0.033004774332781706, 'CVX': 0.020627615826975143, 'HON': 0.018572392189408538, 'MRK': 0.01683401639846127}",0.8,"{'lookback_days': 63, 'skip_recent_days': 0, 'top_n': 10}",True,0.7988515706718557,0.0010615574401889067,1.3288544194713272
2022-08-31,2022-09-01,30,29,['WBA'],0.9666666666666667,"['BA', 'WMT', 'AAPL', 'UNH', 'GS', 'DIS', 'MCD']","{'BA': 0.22655956744221584, 'WMT': 0.061197748665204665, 'AAPL': 0.05869429533344084, 'UNH': 0.05813025502794633, 'GS': 0.0414218894245133, 'DIS': 0.026467573964505497, 'MCD': 0.023213871214639248}",0.7000000000000001,"{'lookback_days': 63, 'skip_recent_days': 0, 'top_n': 10}",True,0.7081724271424842,0.0009205470635705598,1.2998911399092723
2022-09-30,2022-10-03,30,29,['WBA'],0.9666666666666667,['WMT'],{'WMT': 0.062259475106993145},0.1,"{'lookback_days': 63, 'skip_recent_days': 0, 'top_n': 10}",True,0.5775170859457626,0.0006977517483590044,1.2081923900421772
2022-10-31,2022-11-01,30,29,['WBA'],0.9666666666666667,"['CAT', 'TRV', 'MRK', 'CVX', 'JPM', 'AMGN', 'HON', 'WMT', 'IBM', 'GS']","{'CAT': 0.18744717136333344, 'TRV': 0.18379110452490321, 'MRK': 0.16443141830863084, 'CVX': 0.1470634245188358, 'JPM': 0.12964753187076572, 'AMGN': 0.11696014747935712, 'HON': 0.08417283305869394, 'WMT': 0.0774035831838813, 'IBM': 0.06238046308111156, 'GS': 0.05865279873063378}",1.0,"{'lookback_days': 63, 'skip_recent_days': 0, 'top_n': 10}",True,0.9079852950221416,0.001107103750060937,1.2192970041810423
2022-11-30,2022-12-01,30,29,['WBA'],0.9666666666666667,"['MRK', 'CAT', 'JPM', 'AMGN', 'TRV', 'IBM', 'CVX', 'GS', 'HON', 'WMT']","{'MRK': 0.3004656499118139, 'CAT': 0.2884624986845623, 'JPM': 0.2258531634402492, 'AMGN': 0.2000528804248931, 'TRV': 0.18097236479227408, 'IBM': 0.1730266242861842, 'CVX': 0.16872092631514946, 'GS': 0.16837229791207653, 'HON': 0.16517129643776207, 'WMT': 0.1499058218225413}",1.0,"{'lookback_days': 63, 'skip_recent_days': 0, 'top_n': 10}",True,0.02216954966258779,2.9041010999411202e-05,1.30995042485772
2022-12-30,2023-01-03,30,29,['WBA'],0.9666666666666667,"['BA', 'MRK', 'WMT', 'GS', 'HON', 'AMGN', 'UNH', 'CSCO', 'MCD', 'HD']","{'BA': 0.3691543301911011, 'MRK': 0.22795984259240742, 'WMT': 0.22027746929509284, 'GS': 0.21676848604285515, 'HON': 0.15536932008302617, 'AMGN': 0.14671174197451187, 'UNH': 0.11955814894403738, 'CSCO': 0.11946732561129436, 'MCD': 0.11263111949212723, 'HD': 0.10392927610331082}",1.0,"{'lookback_days': 126, 'skip_recent_days': 21, 'top_n': 10}",True,1.029245085044066,0.001296246562000262,1.2594148671059862
2023-01-31,2023-02-01,30,29,['WBA'],0.9666666666666667,"['BA', 'CAT', 'CVX', 'HON', 'MRK', 'JPM', 'HD', 'WMT', 'GS', 'NKE']","{'BA': 0.38172909578282854, 'CAT': 0.3621138773216519, 'CVX': 0.252467229147447, 'HON': 0.24779505847569028, 'MRK': 0.23344912076544522, 'JPM': 0.20416390887879787, 'HD': 0.18296474585381106, 'WMT': 0.17870789324942837, 'GS': 0.17262181685143752, 'NKE': 0.1550713909312189}",1.0,"{'lookback_days': 126, 'skip_recent_days': 21, 'top_n': 10}",True,0.8145937870016183,0.0010283947844235706,1.2624633293717074
2023-02-28,2023-03-01,30,29,['WBA'],0.9666666666666667,"['CAT', 'BA', 'JPM', 'TRV', 'CVX', 'MRK', 'DOW', 'NKE', 'AXP', 'WMT']","{'CAT': 0.42451116907228625, 'BA': 0.32736188968439084, 'JPM': 0.24223694072509905, 'TRV': 0.2249894358757658, 'CVX': 0.2133871884558356, 'MRK': 0.1889408864402189, 'DOW': 0.15861806520044763, 'NKE': 0.1430889264316968, 'AXP': 0.14083915871734232, 'WMT': 0.113423353842381}",1.0,"{'lookback_days': 126, 'skip_recent_days': 21, 'top_n': 10}",True,0.6135007721212827,0.000741392202107712,1.2084617262081399
2023-03-31,2023-04-03,30,29,['WBA'],0.9666666666666667,"['CAT', 'BA', 'JPM', 'MRK', 'CRM', 'DOW', 'AXP', 'TRV', 'NKE', 'V']","{'CAT': 0.3644919713322339, 'BA': 0.29498790989591805, 'JPM': 0.2532422008569457, 'MRK': 0.24985500854097276, 'CRM': 0.16859794821690288, 'DOW': 0.16763541325931186, 'AXP': 0.14198506209135697, 'TRV': 0.13269503207023492, 'NKE': 0.11525655192385376, 'V': 0.09236112039057676}",1.0,"{'lookback_days': 126, 'skip_recent_days': 21, 'top_n': 10}",True,0.4504919279584732,0.0005397216489722297,1.1980717421910871
2023-04-28,2023-05-01,30,29,['WBA'],0.9666666666666667,"['BA', 'CAT', 'CRM', 'CSCO', 'V', 'NKE', 'DOW', 'JPM', 'MRK', 'INTC']","{'BA': 0.6310093148497475, 'CAT': 0.38859119597117187, 'CRM': 0.320706393038825, 'CSCO': 0.2847468304342293, 'V': 0.26068144038880714, 'NKE': 0.258743988525179, 'DOW': 0.2565534863153811, 'JPM': 0.24003609816165072, 'MRK': 0.2389260929178083, 'INTC': 0.20249047831309852}",1.0,"{'lookback_days': 126, 'skip_recent_days': 21, 'top_n': 10}",True,0.43455935582306493,0.0005319788490571635,1.2241799467177132
2023-05-31,2023-06-01,30,29,['WBA'],0.9666666666666667,"['BA', 'NKE', 'MSFT', 'CRM', 'PG', 'INTC', 'MRK', 'AAPL', 'DOW', 'JPM']","{'BA': 0.4587149622935611, 'NKE': 0.4212336254078286, 'MSFT': 0.3547456316091182, 'CRM': 0.23812232979067427, 'PG': 0.20214528847137103, 'INTC': 0.18322879956508142, 'MRK': 0.1823240767699248, 'AAPL': 0.17493585997060523, 'DOW': 0.1664855184479881, 'JPM': 0.150556085534421}",1.0,"{'lookback_days': 126, 'skip_recent_days': 21, 'top_n': 10}",True,0.6465515791296383,0.0007664836145807995,1.1854949231005032
2023-06-30,2023-07-03,30,29,['WBA'],0.9666666666666667,"['CRM', 'MSFT', 'AAPL', 'BA', 'INTC', 'AXP', 'MCD', 'V', 'CSCO', 'MRK']","{'CRM': 0.4534452190287426, 'MSFT': 0.3647099053085163, 'AAPL': 0.2326043213037463, 'BA': 0.19711339554363083, 'INTC': 0.1121967393790364, 'AXP': 0.05852090392885123, 'MCD': 0.05676916969217638, 'V': 0.05033934045261046, 'CSCO': 0.04914587671408155, 'MRK': 0.03194318111943284}",1.0,"{'lookback_days': 126, 'skip_recent_days': 21, 'top_n': 10}",True,0.8192723628963546,0.001023286012570575,1.249018103031055
2023-07-31,2023-08-01,30,29,['WBA'],0.9666666666666667,"['CRM', 'AAPL', 'MSFT', 'INTC', 'AXP', 'V', 'BA', 'MCD', 'JPM', 'CSCO']","{'CRM': 0.6105155922735412, 'AAPL': 0.46229415305481814, 'MSFT': 0.42059173086426704, 'INTC': 0.2894147545482546, 'AXP': 0.1839345238614647, 'V': 0.1403203893323306, 'BA': 0.11842665605802116, 'MCD': 0.11580846957936419, 'JPM': 0.10538494676751164, 'CSCO': 0.09419122929562951}",1.0,"{'lookback_days': 126, 'skip_recent_days': 21, 'top_n': 10}",True,0.22899462914114901,0.00029152253852769076,1.2730540433243107
2023-08-31,2023-09-01,30,29,['WBA'],0.9666666666666667,"['AAPL', 'MSFT', 'CRM', 'INTC', 'CAT', 'JPM', 'WMT', 'PG', 'IBM', 'CSCO']","{'AAPL': 0.3385602197201789, 'MSFT': 0.3277830153035364, 'CRM': 0.3127342924916614, 'INTC': 0.23678640541848095, 'CAT': 0.1517016891608287, 'JPM': 0.1267161307843816, 'WMT': 0.11545062392715355, 'PG': 0.11366199973482582, 'IBM': 0.09798025009362177, 'CSCO': 0.09670558828448472}",1.0,"{'lookback_days': 126, 'skip_recent_days': 21, 'top_n': 10}",True,0.8167087977400052,0.0010282093085979076,1.25896685751784
2023-09-29,2023-10-02,30,29,['WBA'],0.9666666666666667,"['INTC', 'MSFT', 'AAPL', 'CRM', 'CSCO', 'IBM', 'WMT', 'HD', 'CAT', 'PG']","{'INTC': 0.37371243342194727, 'MSFT': 0.34083050491691025, 'AAPL': 0.29490933291100707, 'CRM': 0.2849716916920184, 'CSCO': 0.1930238331355354, 'IBM': 0.17462819075636804, 'WMT': 0.16341895818695562, 'HD': 0.16085056902688355, 'CAT': 0.14717594878465734, 'PG': 0.13308895541619314}",1.0,"{'lookback_days': 126, 'skip_recent_days': 21, 'top_n': 10}",True,0.226623184626495,0.0002709190960291177,1.1954606342489988
2023-10-31,2023-11-01,30,29,['WBA'],0.9666666666666667,"['CAT', 'MSFT', 'AMGN', 'JPM', 'IBM', 'UNH', 'WMT', 'INTC', 'AAPL', 'CSCO']","{'CAT': 0.19973720721031563, 'MSFT': 0.12100703084183184, 'AMGN': 0.12099601965696238, 'JPM': 0.1195875457710398, 'IBM': 0.10124567904814263, 'UNH': 0.09755539378494515, 'WMT': 0.09379110998077711, 'INTC': 0.093765032563351, 'AAPL': 0.056551101387622094, 'CSCO': 0.05612274513413351}",1.0,"{'lookback_days': 126, 'skip_recent_days': 21, 'top_n': 10}",True,0.6380284295978584,0.0007598787268820848,1.1909794166398309
2023-11-30,2023-12-01,30,29,['WBA'],0.9666666666666667,"['INTC', 'IBM', 'CSCO', 'MSFT', 'AMGN', 'UNH', 'WMT', 'CAT', 'V', 'CRM']","{'INTC': 0.23551615743031884, 'IBM': 0.18487877946534748, 'CSCO': 0.1411700495472208, 'MSFT': 0.11183842818170997, 'AMGN': 0.1026989637910729, 'UNH': 0.09416870036830982, 'WMT': 0.08885992170834234, 'CAT': 0.06132129228594807, 'V': 0.03974510003053622, 'CRM': 0.036060658937899115}",1.0,"{'lookback_days': 126, 'skip_recent_days': 21, 'top_n': 10}",True,0.46092710407200177,0.0005906060440764913,1.2813437067572235
2023-12-29,2024-01-02,30,29,['WBA'],0.9666666666666667,"['INTC', 'IBM', 'AMGN', 'CAT', 'MSFT', 'V', 'JPM', 'HD', 'UNH', 'VZ']","{'INTC': 0.43924866277454555, 'IBM': 0.2442975227502362, 'AMGN': 0.227614975193682, 'CAT': 0.22469332640953255, 'MSFT': 0.1584476285013494, 'V': 0.1548220677888481, 'JPM': 0.15338841933787117, 'HD': 0.1116879514156155, 'UNH': 0.10677940778306061, 'VZ': 0.10177873303637797}",1.0,"{'lookback_days': 126, 'skip_recent_days': 21, 'top_n': 10}",True,0.6345064336389903,0.0008479241089366328,1.3363522637172642
2024-01-31,2024-02-01,30,29,['WBA'],0.9666666666666667,"['INTC', 'AMGN', 'IBM', 'CRM', 'BA', 'GS', 'CAT', 'JPM', 'HD', 'MMM']","{'INTC': 0.513056651827468, 'AMGN': 0.3180639454760297, 'IBM': 0.2503423619380569, 'CRM': 0.2455741795545523, 'BA': 0.2344193935476917, 'GS': 0.21591382237507406, 'CAT': 0.21385724397686, 'JPM': 0.18627604313008872, 'HD': 0.13026293780479037, 'MMM': 0.1259958415045337}",1.0,"{'lookback_days': 126, 'skip_recent_days': 21, 'top_n': 10}",True,0.838087388007334,0.0011687033554535979,1.3944886561678826
2024-02-29,2024-03-01,30,30,[],1.0,"['AMGN', 'IBM', 'VZ', 'CRM', 'TRV', 'MSFT', 'AXP', 'INTC', 'AMZN', 'V']","{'AMGN': 0.3652056796932617, 'IBM': 0.33296682703078706, 'VZ': 0.29424857485874845, 'CRM': 0.2787431939967473, 'TRV': 0.25170987249530996, 'MSFT': 0.22138062690310467, 'AXP': 0.21773463894931755, 'INTC': 0.20816455070149553, 'AMZN': 0.18940760556165093, 'V': 0.17049715983571323}",1.0,"{'lookback_days': 126, 'skip_recent_days': 21, 'top_n': 10}",True,1.2284773683318067,0.0017486586916493697,1.4234358212263494
2024-03-28,2024-04-01,30,30,[],1.0,"['CRM', 'TRV', 'AXP', 'DIS', 'AMZN', 'IBM', 'JPM', 'MSFT', 'INTC', 'VZ']","{'CRM': 0.41587931651992793, 'TRV': 0.3866738440659614, 'AXP': 0.37969129955924186, 'DIS': 0.32083045667281795, 'AMZN': 0.300585882949707, 'IBM': 0.29509668005632483, 'JPM': 0.26650726952587367, 'MSFT': 0.26445171408847035, 'INTC': 0.2567387180628089, 'VZ': 0.24132875890512118}",1.0,"{'lookback_days': 126, 'skip_recent_days': 21, 'top_n': 10}",True,0.40806355010797557,0.0005932115486079441,1.4537234419760783
2024-04-30,2024-05-01,30,30,[],1.0,"['AXP', 'DIS', 'CRM', 'AMZN', 'TRV', 'IBM', 'JPM', 'MSFT', 'VZ', 'CAT']","{'AXP': 0.5262167865174778, 'DIS': 0.5216035822398741, 'CRM': 0.4894434801699956, 'AMZN': 0.4364978282145999, 'TRV': 0.37487975738125257, 'IBM': 0.3683652921570746, 'JPM': 0.36624235300536157, 'MSFT': 0.3589416889925585, 'VZ': 0.3490218363392459, 'CAT': 0.32968924772157737}",1.0,"{'lookback_days': 126, 'skip_recent_days': 21, 'top_n': 10}",True,0.2157463250790345,0.0002871136394541872,1.3307927231159498
2024-05-31,2024-06-03,30,30,[],1.0,"['AXP', 'GS', 'JPM', 'CAT', 'DIS', 'MMM', 'CRM', 'AMZN', 'TRV', 'MRK']","{'AXP': 0.6257917291261978, 'GS': 0.4410345056098357, 'JPM': 0.4129610648800921, 'CAT': 0.3784945741596033, 'DIS': 0.37382340798416225, 'MMM': 0.3580573377245435, 'CRM': 0.3501328047266128, 'AMZN': 0.3488055982540754, 'TRV': 0.3008050696913376, 'MRK': 0.2714797860947331}",1.0,"{'lookback_days': 126, 'skip_recent_days': 21, 'top_n': 10}",True,0.6439646246232966,0.0008589338747479427,1.3338215204762183
2024-06-28,2024-07-01,30,30,[],1.0,"['AXP', 'CAT', 'GS', 'JPM', 'MRK', 'WMT', 'AMZN', 'MMM', 'CRM', 'TRV']","{'AXP': 0.4474250044747248, 'CAT': 0.3780451159003184, 'GS': 0.37452366128101233, 'JPM': 0.30879500646995295, 'MRK': 0.2581685245213883, 'WMT': 0.2555213818981301, 'AMZN': 0.23211270247488192, 'MMM': 0.23048991966118293, 'CRM': 0.209906263953338, 'TRV': 0.18798041842645974}",1.0,"{'lookback_days': 126, 'skip_recent_days': 21, 'top_n': 10}",True,0.2273760282726779,0.000305342229998755,1.3428954332537513
2024-07-31,2024-08-01,30,30,[],1.0,"['WMT', 'AMZN', 'AXP', 'MSFT', 'JPM', 'GS', 'MRK', 'VZ', 'PG', 'MMM']","{'WMT': 0.2936000423557852, 'AMZN': 0.2856955970167665, 'AXP': 0.2528867666579613, 'MSFT': 0.22148788198803415, 'JPM': 0.22091983876199506, 'GS': 0.21573351266149565, 'MRK': 0.190413680765944, 'VZ': 0.1504718271605554, 'PG': 0.130892852015559, 'MMM': 0.1229630259399237}",1.0,"{'lookback_days': 126, 'skip_recent_days': 21, 'top_n': 10}",True,0.6494000937481051,0.0009172609314810545,1.4124742825135002
2024-08-30,2024-09-03,30,30,[],1.0,"['MMM', 'GS', 'WMT', 'AXP', 'JPM', 'AAPL', 'AMZN', 'KO', 'UNH', 'CAT']","{'MMM': 0.641107036242573, 'GS': 0.3195282320122479, 'WMT': 0.27570518290494683, 'AXP': 0.24635578046151219, 'JPM': 0.2063091945255815, 'AAPL': 0.1872841892114414, 'AMZN': 0.18601811175037875, 'KO': 0.1604494595198669, 'UNH': 0.12843911589888513, 'CAT': 0.1124622013302865}",1.0,"{'lookback_days': 126, 'skip_recent_days': 21, 'top_n': 10}",True,0.8274547344174076,0.0012028618256958313,1.45368897616223
2024-09-30,2024-10-01,30,30,[],1.0,"['MMM', 'GS', 'WMT', 'AAPL', 'AMGN', 'KO', 'UNH', 'JPM', 'AXP', 'IBM']","{'MMM': 0.7469305827176829, 'GS': 0.319077134250336, 'WMT': 0.31658459463935884, 'AAPL': 0.27451188721242037, 'AMGN': 0.22587804536668776, 'KO': 0.21942434932964305, 'UNH': 0.20830948494191315, 'JPM': 0.20791489426433096, 'AXP': 0.19142024007150327, 'IBM': 0.09512693672095973}",1.0,"{'lookback_days': 126, 'skip_recent_days': 21, 'top_n': 10}",True,0.4358633984967939,0.000645129411432234,1.4801183436304974
2024-10-31,2024-11-01,30,30,[],1.0,"['MMM', 'WMT', 'AAPL', 'UNH', 'KO', 'AXP', 'GS', 'AMGN', 'IBM', 'HD']","{'MMM': 0.47124924506867893, 'WMT': 0.36191245795143434, 'AAPL': 0.3401148779522909, 'UNH': 0.2984121934106134, 'KO': 0.20427184598069315, 'AXP': 0.20270428135665597, 'GS': 0.2026463134592702, 'AMGN': 0.18155721669455271, 'IBM': 0.1726145563860635, 'HD': 0.1576392192227829}",1.0,"{'lookback_days': 126, 'skip_recent_days': 21, 'top_n': 10}",True,0.24289475184485282,0.0003546906364060592,1.4602647184102815
2024-11-29,2024-12-02,30,30,[],1.0,"['NVDA', 'WMT', 'AAPL', 'MMM', 'IBM', 'GS', 'CSCO', 'SHW', 'HD', 'AXP']","{'NVDA': 0.6782477383096992, 'WMT': 0.3917505586674557, 'AAPL': 0.3625446023736487, 'MMM': 0.31184806165386303, 'IBM': 0.2695002052590194, 'GS': 0.24299012572663203, 'CSCO': 0.20612132706679942, 'SHW': 0.1981231754680466, 'HD': 0.1978473855653533, 'AXP': 0.19076597326281863}",1.0,"{'lookback_days': 126, 'skip_recent_days': 21, 'top_n': 10}",True,0.6048913333103526,0.0009452972649419084,1.5627555114215914
2024-12-31,2025-01-02,30,30,[],1.0,"['NVDA', 'WMT', 'AXP', 'GS', 'MMM', 'AMZN', 'JPM', 'IBM', 'AAPL', 'TRV']","{'NVDA': 1.7124932285710317, 'WMT': 0.7399227846949583, 'AXP': 0.6032011070715069, 'GS': 0.5203131550533573, 'MMM': 0.46124432244522406, 'AMZN': 0.4439252064264869, 'JPM': 0.44288127693171075, 'IBM': 0.39270451169687015, 'AAPL': 0.30705251358751795, 'TRV': 0.28758422573888964}",1.0,"{'lookback_days': 252, 'skip_recent_days': 0, 'top_n': 10}",True,0.6027906883617551,0.0009091580890957056,1.5082483964153226
2025-01-31,2025-02-03,30,30,[],1.0,"['MMM', 'NVDA', 'WMT', 'GS', 'AXP', 'JPM', 'AMZN', 'IBM', 'AAPL', 'V']","{'MMM': 0.9670057887798329, 'NVDA': 0.9132770332854052, 'WMT': 0.7996841308061711, 'GS': 0.6954355741873712, 'AXP': 0.5722239401609297, 'JPM': 0.5510891962396094, 'AMZN': 0.49484272123132866, 'IBM': 0.41024940830581147, 'AAPL': 0.26120069756309583, 'V': 0.24269397879601096}",1.0,"{'lookback_days': 252, 'skip_recent_days': 0, 'top_n': 10}",True,0.26009803245575625,0.0004076536074189835,1.5673075400457983
2025-02-28,2025-03-03,30,30,[],1.0,"['MMM', 'WMT', 'GS', 'NVDA', 'JPM', 'IBM', 'AXP', 'CSCO', 'AAPL', 'V']","{'MMM': 1.0557887563565367, 'WMT': 0.6746421831734914, 'GS': 0.6389671945673392, 'NVDA': 0.5877236641092383, 'JPM': 0.47560591615265646, 'IBM': 0.4114211694856855, 'AXP': 0.39598416263953506, 'CSCO': 0.368935802491797, 'AAPL': 0.3304599380663542, 'V': 0.2904476565552605}",1.0,"{'lookback_days': 252, 'skip_recent_days': 0, 'top_n': 10}",True,0.21535684336093625,0.00034280023245460107,1.5917777540975133
2025-03-31,2025-04-01,30,30,[],1.0,"['MMM', 'WMT', 'IBM', 'GS', 'AAPL', 'CSCO', 'V', 'JPM', 'KO', 'NVDA']","{'MMM': 0.7176153324903847, 'WMT': 0.4621846229393247, 'IBM': 0.34707728566510854, 'GS': 0.34459010631781717, 'AAPL': 0.2877437862899199, 'CSCO': 0.2790343669613471, 'V': 0.2654098043109938, 'JPM': 0.2575558250095269, 'KO': 0.20861946916106566, 'NVDA': 0.2012809245704099}",1.0,"{'lookback_days': 252, 'skip_recent_days': 0, 'top_n': 10}",True,0.22569801022204627,0.00032996208855633587,1.4619627715446515
2025-04-30,2025-05-01,30,30,[],1.0,"['WMT', 'MMM', 'IBM', 'GS', 'JPM', 'V', 'AAPL', 'TRV', 'CSCO', 'NVDA']","{'WMT': 0.6348229913293839, 'MMM': 0.5471420347563813, 'IBM': 0.4955560762767597, 'GS': 0.30885917378995154, 'JPM': 0.29357195120389323, 'V': 0.26795006770660934, 'AAPL': 0.26109504971622033, 'TRV': 0.25936264447755786, 'CSCO': 0.24245128577530894, 'NVDA': 0.24187357253916186}",1.0,"{'lookback_days': 252, 'skip_recent_days': 0, 'top_n': 10}",True,0.2363642313036221,0.00034472567403062904,1.458451103745097
2025-05-30,2025-06-02,30,30,[],1.0,"['IBM', 'MMM', 'WMT', 'CSCO', 'V', 'JPM', 'GS', 'TRV', 'MCD', 'AXP']","{'IBM': 0.573172274779, 'MMM': 0.5344608912267714, 'WMT': 0.5334223373059706, 'CSCO': 0.4030507427517487, 'V': 0.3574611653221207, 'JPM': 0.3539982232879111, 'GS': 0.34132543993363784, 'TRV': 0.333773952153525, 'MCD': 0.2679759488191358, 'AXP': 0.25342737089655776}",1.0,"{'lookback_days': 252, 'skip_recent_days': 0, 'top_n': 10}",True,0.4168242688094814,0.0006497476721858423,1.5588048029008204
2025-06-30,2025-07-01,30,30,[],1.0,"['IBM', 'GS', 'MMM', 'CSCO', 'JPM', 'WMT', 'AXP', 'TRV', 'V', 'NVDA']","{'IBM': 0.7670685037947644, 'GS': 0.5851263577677195, 'MMM': 0.5317014968135461, 'CSCO': 0.5250441681395119, 'JPM': 0.5024746874754529, 'WMT': 0.4465385055485287, 'AXP': 0.3984204641110973, 'TRV': 0.3223314537334092, 'V': 0.3071310292187004, 'NVDA': 0.2503157451543321}",1.0,"{'lookback_days': 252, 'skip_recent_days': 0, 'top_n': 10}",True,0.24630449395421714,0.00040416270188441285,1.640906730510318
2025-07-31,2025-08-01,30,30,[],1.0,"['NVDA', 'GS', 'CSCO', 'JPM', 'WMT', 'IBM', 'V', 'DIS', 'CAT', 'AMZN']","{'NVDA': 0.5944635411865753, 'GS': 0.49936710093782066, 'CSCO': 0.4575326812273348, 'JPM': 0.436529491396181, 'WMT': 0.4218059252288029, 'IBM': 0.3619608028692507, 'V': 0.3302044366734216, 'DIS': 0.3039718096021191, 'CAT': 0.2914802114705841, 'AMZN': 0.27789303771927765}",1.0,"{'lookback_days': 252, 'skip_recent_days': 0, 'top_n': 10}",True,0.6274642346762838,0.0010088256423496686,1.6077819046851867
2025-08-29,2025-09-02,30,30,[],1.0,"['GS', 'CSCO', 'JPM', 'NVDA', 'BA', 'AMZN', 'DIS', 'AXP', 'V', 'WMT']","{'GS': 0.5080145326181233, 'CSCO': 0.3998166302278017, 'JPM': 0.3997122448039345, 'NVDA': 0.3580277886480745, 'BA': 0.35613977773574734, 'AMZN': 0.32278192270619277, 'DIS': 0.31365903562189645, 'AXP': 0.3130812354397918, 'V': 0.30854913688876273, 'WMT': 0.28629472942185896}",1.0,"{'lookback_days': 252, 'skip_recent_days': 0, 'top_n': 10}",True,0.40860924816184024,0.0006585773934311287,1.6117535185358365
2025-09-30,2025-10-01,30,30,[],1.0,"['GS', 'JPM', 'NVDA', 'BA', 'CSCO', 'WMT', 'IBM', 'V', 'AXP', 'CAT']","{'GS': 0.6352715350381237, 'JPM': 0.5373878165409636, 'NVDA': 0.5046234455938521, 'BA': 0.3962349545508612, 'CSCO': 0.3301099503329241, 'WMT': 0.3021130680263999, 'IBM': 0.29853590354154136, 'V': 0.26532972426917056, 'AXP': 0.2521525419767632, 'CAT': 0.23977684638423047}",1.0,"{'lookback_days': 252, 'skip_recent_days': 0, 'top_n': 10}",True,0.427855052377817,0.0006979306930501403,1.631231626625349
2025-10-31,2025-11-03,30,30,[],1.0,"['GS', 'CAT', 'IBM', 'NVDA', 'JPM', 'AXP', 'CSCO', 'BA', 'MMM', 'AMZN']","{'GS': 0.5363484868483304, 'CAT': 0.512160289537942, 'IBM': 0.5021394987617414, 'NVDA': 0.43396848846077596, 'JPM': 0.42533013443593215, 'AXP': 0.34828219301203145, 'CSCO': 0.34689930011601633, 'BA': 0.31402804214011226, 'MMM': 0.3136539296592318, 'AMZN': 0.27977780682995324}",1.0,"{'lookback_days': 252, 'skip_recent_days': 0, 'top_n': 10}",True,0.4442184160621898,0.000764820986555526,1.7217228257561756
2025-11-28,2025-12-01,30,30,[],1.0,"['CAT', 'IBM', 'GS', 'JNJ', 'MMM', 'CSCO', 'NVDA', 'JPM', 'WMT', 'BA']","{'CAT': 0.4407854530389481, 'IBM': 0.3998715212652084, 'GS': 0.3977661799629626, 'JNJ': 0.37992734778898574, 'MMM': 0.3451373138382092, 'CSCO': 0.3436181652406709, 'NVDA': 0.30165230385492614, 'JPM': 0.2773485202015473, 'WMT': 0.24678814169353225, 'BA': 0.23448721401233175}",1.0,"{'lookback_days': 252, 'skip_recent_days': 0, 'top_n': 10}",True,0.4374682776651197,0.0007370994541347029,1.6849209228810638
