signal_date,execution_date,model,configuration,selected,predictions,target_invested_weight,market_filter_triggered,turnover,transaction_cost,portfolio_value_before_trade
2017-12-29,2018-01-02,ridge_cross_sectional_next_month_return,"{'alpha': 0.1, 'top_n': 30, 'weighting': 'equal', 'market_filter': False, 'rebalance_months': 3}","['INTC', 'VZ', 'NKE', 'GE', 'BA', 'WMT', 'GS', 'IBM', 'CSCO', 'JPM', 'MSFT', 'CAT', 'MRK', 'DIS', 'CVX', 'UNH', 'AXP', 'RTX', 'MMM', 'PFE', 'XOM', 'V', 'AAPL', 'TRV', 'HD', 'JNJ', 'PG', 'KO', 'MCD', 'DD']","{'INTC': 0.006909923925882342, 'VZ': 0.004789411390213271, 'NKE': 0.004540893619244969, 'GE': 0.004049348927652865, 'BA': 0.003881511927488535, 'WMT': 0.0035753132431151674, 'GS': 0.002462446970932255, 'IBM': 0.0020716183848124626, 'CSCO': 0.0018257256046490438, 'JPM': 0.001788304103860484, 'MSFT': 0.0017602162138897932, 'CAT': 0.0015534082253526888, 'MRK': 0.0012489524074570917, 'DIS': 0.0009205561842012773, 'CVX': -3.685476803542357e-05, 'UNH': -9.057532441571735e-05, 'AXP': -0.0008486190497736452, 'RTX': -0.001730540162102038, 'MMM': -0.00184438957534509, 'PFE': -0.002674292714029574, 'XOM': -0.0032161655335542147, 'V': -0.003555405177760896, 'AAPL': -0.003598285551544135, 'TRV': -0.0036903341045649365, 'HD': -0.0037502259822290852, 'JNJ': -0.004379521536464521, 'PG': -0.004381633561714298, 'KO': -0.005922375747704129, 'MCD': -0.006200888454984154, 'DD': -0.012484620742750932}",1.0,False,0.9990009990009999,0.0009990009990009999,1.0
2018-03-29,2018-04-02,ridge_cross_sectional_next_month_return,"{'alpha': 0.1, 'top_n': 30, 'weighting': 'equal', 'market_filter': False, 'rebalance_months': 3}","['GS', 'INTC', 'IBM', 'CSCO', 'NKE', 'GE', 'BA', 'MSFT', 'CAT', 'WMT', 'DD', 'DIS', 'CVX', 'MMM', 'MRK', 'HD', 'JPM', 'RTX', 'UNH', 'AXP', 'TRV', 'AAPL', 'XOM', 'V', 'PFE', 'VZ', 'JNJ', 'PG', 'KO', 'MCD']","{'GS': 0.006108307578498529, 'INTC': 0.005743734113247084, 'IBM': 0.004477335370351101, 'CSCO': 0.0040813482926260955, 'NKE': 0.004021603805562984, 'GE': 0.0037734051830641486, 'BA': 0.0035877003016391977, 'MSFT': 0.0028272140581167794, 'CAT': 0.00261624362296419, 'WMT': 0.001714201741412884, 'DD': 0.001157308972255222, 'DIS': 0.0006740846785352163, 'CVX': 0.00044670878845614925, 'MMM': 0.00031319179099967417, 'MRK': 0.00031148687180079153, 'HD': -0.00010159733220778383, 'JPM': -0.0003652001908862713, 'RTX': -0.001059737133794589, 'UNH': -0.0011404626935959353, 'AXP': -0.0013235345985046789, 'TRV': -0.002511817119148692, 'AAPL': -0.0030550727765879136, 'XOM': -0.0032017532206962294, 'V': -0.00320944483016309, 'PFE': -0.0033544492666398285, 'VZ': -0.00390961482257632, 'JNJ': -0.004168067964334642, 'PG': -0.004894383346388672, 'KO': -0.006093171375267458, 'MCD': -0.0073230913579499035}",1.0,False,0.06352616106298774,6.137974714065143e-05,0.9662121260529486
2018-06-29,2018-07-02,ridge_cross_sectional_next_month_return,"{'alpha': 0.1, 'top_n': 30, 'weighting': 'equal', 'market_filter': False, 'rebalance_months': 3}","['INTC', 'NKE', 'BA', 'MRK', 'WBA', 'MSFT', 'CSCO', 'AAPL', 'CAT', 'CVX', 'XOM', 'DD', 'AXP', 'IBM', 'UNH', 'DIS', 'V', 'HD', 'RTX', 'GS', 'MMM', 'VZ', 'JPM', 'WMT', 'JNJ', 'KO', 'TRV', 'MCD', 'PFE', 'PG']","{'INTC': 0.005025543381248861, 'NKE': 0.00495660507650061, 'BA': 0.00422147967731352, 'MRK': 0.004216373480767513, 'WBA': 0.0041524389496775385, 'MSFT': 0.0032911850844636356, 'CSCO': 0.0022702406961412915, 'AAPL': 0.0018781150179701645, 'CAT': 0.001820962436898551, 'CVX': 0.0010230126510855364, 'XOM': 0.0007485860925712856, 'DD': 0.0006768886723793276, 'AXP': 7.444482751382846e-05, 'IBM': 5.927003572068362e-05, 'UNH': -0.0003165702216642092, 'DIS': -0.0006032479362636786, 'V': -0.0006066428393840522, 'HD': -0.0008742853247748424, 'RTX': -0.0010094725943698717, 'GS': -0.001604931096857509, 'MMM': -0.0018966813940379695, 'VZ': -0.0024913621190170657, 'JPM': -0.002709886666862837, 'WMT': -0.0027875438421022638, 'JNJ': -0.003172296025957506, 'KO': -0.0032349205941585007, 'TRV': -0.0035127059021654423, 'MCD': -0.0042240777250228834, 'PFE': -0.004555034746376827, 'PG': -0.004913412884152799}",1.0,False,0.13026053806127383,0.00012859795162772997,0.9872364535085693
2018-09-28,2018-10-01,ridge_cross_sectional_next_month_return,"{'alpha': 0.1, 'top_n': 30, 'weighting': 'equal', 'market_filter': False, 'rebalance_months': 3}","['MRK', 'WBA', 'AAPL', 'MCD', 'NKE', 'VZ', 'XOM', 'CVX', 'DD', 'AXP', 'WMT', 'DIS', 'PG', 'JNJ', 'MMM', 'UNH', 'KO', 'V', 'MSFT', 'IBM', 'INTC', 'CAT', 'PFE', 'HD', 'CSCO', 'BA', 'JPM', 'GS', 'TRV', 'RTX']","{'MRK': 0.004953777800011972, 'WBA': 0.004841288051308654, 'AAPL': 0.004260649773785051, 'MCD': 0.0037428947612539562, 'NKE': 0.0031404703400876996, 'VZ': 0.002865089235209194, 'XOM': 0.0028127396694363387, 'CVX': 0.0023331831254063246, 'DD': 0.0020057883190283867, 'AXP': 0.0019414662205899684, 'WMT': 0.00150583795619716, 'DIS': 0.0008518442057872116, 'PG': 0.0006126418482859208, 'JNJ': 0.0005954529864717138, 'MMM': -0.00040748399431930966, 'UNH': -0.0007617668818120744, 'KO': -0.0007932516170279393, 'V': -0.0008497593663701104, 'MSFT': -0.0009382314589091391, 'IBM': -0.0010958367146123543, 'INTC': -0.0017308362980011504, 'CAT': -0.0017984317988531183, 'PFE': -0.0025378816254921456, 'HD': -0.002656402351420672, 'CSCO': -0.002905851989924164, 'BA': -0.0040525910508384545, 'JPM': -0.004414300181651184, 'GS': -0.0049138429995330395, 'TRV': -0.005246744631090753, 'RTX': -0.0056085398266939885}",1.0,False,0.046664777281890724,5.1113223934638766e-05,1.0953277163603727
2018-12-31,2019-01-02,ridge_cross_sectional_next_month_return,"{'alpha': 0.1, 'top_n': 8, 'weighting': 'equal', 'market_filter': False, 'rebalance_months': 3}","['WMT', 'WBA', 'AAPL', 'MMM', 'PG', 'IBM', 'JNJ', 'RTX']","{'WMT': 0.012512334815851105, 'WBA': 0.008087975383223, 'AAPL': 0.007831461679261003, 'MMM': 0.005920883322914565, 'PG': 0.005219989605071335, 'IBM': 0.005042555631197796, 'JNJ': 0.004119281587606403, 'RTX': 0.003506743374924803}",1.0,False,1.4760702290690517,0.001445805715488619,0.9794965625724189
2019-03-29,2019-04-01,ridge_cross_sectional_next_month_return,"{'alpha': 0.1, 'top_n': 8, 'weighting': 'equal', 'market_filter': False, 'rebalance_months': 3}","['WBA', 'CAT', 'AAPL', 'INTC', 'IBM', 'BA', 'MMM', 'GS']","{'WBA': 0.008483552601487336, 'CAT': 0.006068184254326132, 'AAPL': 0.005356553653654778, 'INTC': 0.004763539962167964, 'IBM': 0.0045868194741075135, 'BA': 0.004549094923179654, 'MMM': 0.003975754826003295, 'GS': 0.0034735843833549832}",1.0,False,1.0465201055952775,0.0011731823082415493,1.1210317909508525
2019-06-28,2019-07-01,ridge_cross_sectional_next_month_return,"{'alpha': 0.1, 'top_n': 8, 'weighting': 'equal', 'market_filter': False, 'rebalance_months': 3}","['AAPL', 'IBM', 'BA', 'CAT', 'V', 'WBA', 'GS', 'NKE']","{'AAPL': 0.01282877063528056, 'IBM': 0.011056613405771526, 'BA': 0.009492066999703154, 'CAT': 0.006819649666671566, 'V': 0.00525957803150375, 'WBA': 0.0047478173633804105, 'GS': 0.0040292551180816155, 'NKE': 0.0030043896281944926}",1.0,False,0.5273765006883057,0.0005715940652806648,1.0838443968107199
2019-09-30,2019-10-01,ridge_cross_sectional_next_month_return,"{'alpha': 0.1, 'top_n': 8, 'weighting': 'equal', 'market_filter': False, 'rebalance_months': 3}","['AAPL', 'GS', 'IBM', 'WBA', 'RTX', 'UNH', 'MMM', 'CAT']","{'AAPL': 0.016011481541827438, 'GS': 0.007504866015350815, 'IBM': 0.005944189278059293, 'WBA': 0.005938723479569795, 'RTX': 0.00471049105005513, 'UNH': 0.004466832583243256, 'MMM': 0.002718927944229279, 'CAT': 0.002214013397047218}",1.0,False,0.7891713577110196,0.0008815698499384088,1.117082926698442
2019-12-31,2020-01-02,ridge_cross_sectional_next_month_return,"{'alpha': 0.1, 'top_n': 30, 'weighting': 'equal', 'market_filter': False, 'rebalance_months': 1}","['AAPL', 'WBA', 'CAT', 'INTC', 'UNH', 'NKE', 'GS', 'MMM', 'V', 'BA', 'IBM', 'CVX', 'CSCO', 'XOM', 'PFE', 'DOW', 'RTX', 'VZ', 'MSFT', 'HD', 'WMT', 'JNJ', 'AXP', 'MRK', 'TRV', 'JPM', 'DIS', 'MCD', 'PG', 'KO']","{'AAPL': 0.011556240553045593, 'WBA': 0.00800641555136128, 'CAT': 0.0060569779746865605, 'INTC': 0.004343600913927708, 'UNH': 0.0042128683759865785, 'NKE': 0.00346986567658623, 'GS': 0.003389959516745449, 'MMM': 0.0033587695662408872, 'V': 0.0031357162619173235, 'BA': 0.0028245835038029996, 'IBM': 0.0019995969475050165, 'CVX': 0.0017443447030075967, 'CSCO': 0.0016910671272714777, 'XOM': 0.0015224858824660695, 'PFE': -0.001073242666712653, 'DOW': -0.0010894211460570086, 'RTX': -0.0011292614603184577, 'VZ': -0.0011859041841181112, 'MSFT': -0.0013147677396286419, 'HD': -0.001577152426823184, 'WMT': -0.002156319028727194, 'JNJ': -0.0026020908528611923, 'AXP': -0.0040638588633156655, 'MRK': -0.004337781778699767, 'TRV': -0.004613894361806909, 'JPM': -0.004962369665934618, 'DIS': -0.005620758358732724, 'MCD': -0.005874622798625463, 'PG': -0.007107501305632433, 'KO': -0.009370041000304813}",1.0,False,1.465982541480487,0.001875949860306348,1.2796536160736522
2020-01-31,2020-02-03,ridge_cross_sectional_next_month_return,"{'alpha': 0.1, 'top_n': 30, 'weighting': 'equal', 'market_filter': False, 'rebalance_months': 1}","['INTC', 'AAPL', 'WBA', 'UNH', 'CAT', 'NKE', 'CVX', 'MMM', 'XOM', 'V', 'CSCO', 'DOW', 'VZ', 'IBM', 'GS', 'RTX', 'WMT', 'MSFT', 'PFE', 'JNJ', 'TRV', 'HD', 'MRK', 'MCD', 'JPM', 'DIS', 'AXP', 'PG', 'KO', 'BA']","{'INTC': 0.012800345326690901, 'AAPL': 0.011177374449980912, 'WBA': 0.00798090885187144, 'UNH': 0.005256252470867932, 'CAT': 0.005049211044757206, 'NKE': 0.004865425105092525, 'CVX': 0.004060439198460757, 'MMM': 0.00403507875586573, 'XOM': 0.002967180001089861, 'V': 0.002890073728926431, 'CSCO': 0.0019140361753640332, 'DOW': 0.0018424379631280727, 'VZ': 0.0017005193171101172, 'IBM': -9.877145133603766e-05, 'GS': -0.0002919921346229348, 'RTX': -0.0016071819823922375, 'WMT': -0.0017108018556200887, 'MSFT': -0.0019215952624616374, 'PFE': -0.002015515187927615, 'JNJ': -0.002860278473187934, 'TRV': -0.0034729558660333395, 'HD': -0.003826918815501319, 'MRK': -0.003923734488305576, 'MCD': -0.004729147392467114, 'JPM': -0.005055393413825163, 'DIS': -0.005417171807847249, 'AXP': -0.005516817689635704, 'PG': -0.005955512221289878, 'KO': -0.007536721869837677, 'BA': -0.008910805470357393}",1.0,False,0.05805207262904843,7.281215100633761e-05,1.2542558380577689
2020-02-28,2020-03-02,ridge_cross_sectional_next_month_return,"{'alpha': 0.1, 'top_n': 30, 'weighting': 'equal', 'market_filter': False, 'rebalance_months': 1}","['AAPL', 'INTC', 'UNH', 'V', 'NKE', 'WBA', 'VZ', 'DOW', 'CAT', 'GS', 'CSCO', 'JNJ', 'MMM', 'MSFT', 'RTX', 'IBM', 'CVX', 'AXP', 'XOM', 'PFE', 'MRK', 'WMT', 'JPM', 'MCD', 'TRV', 'HD', 'DIS', 'KO', 'BA', 'PG']","{'AAPL': 0.011251502887796727, 'INTC': 0.01087023528761848, 'UNH': 0.005410987469000409, 'V': 0.00475317170539958, 'NKE': 0.003991240618120713, 'WBA': 0.003751452484467099, 'VZ': 0.0032359808710967454, 'DOW': 0.0029622121175020668, 'CAT': 0.0023909084625915187, 'GS': 0.0022953656257768424, 'CSCO': 0.0017838189226181344, 'JNJ': 0.0015949711864921912, 'MMM': 0.0012517364492809309, 'MSFT': 0.000857245876098576, 'RTX': 0.0007314913679110305, 'IBM': -0.0002873906961266524, 'CVX': -0.0012306301853007523, 'AXP': -0.0016236104164213283, 'XOM': -0.0019466210692473404, 'PFE': -0.002034122365765994, 'MRK': -0.0021717608377127572, 'WMT': -0.0022591377064701407, 'JPM': -0.002939412658725138, 'MCD': -0.002996732205267658, 'TRV': -0.003381292699785568, 'HD': -0.0035781220617116345, 'DIS': -0.004875843381443634, 'KO': -0.005779522923312649, 'BA': -0.007035842928418284, 'PG': -0.009031702636820974}",1.0,False,0.028187120471017086,3.199976324297791e-05,1.1352618752199646
2020-03-31,2020-04-01,ridge_cross_sectional_next_month_return,"{'alpha': 0.1, 'top_n': 30, 'weighting': 'equal', 'market_filter': False, 'rebalance_months': 1}","['INTC', 'AAPL', 'RTX', 'V', 'NKE', 'UNH', 'CAT', 'GS', 'CVX', 'CSCO', 'JNJ', 'DOW', 'WBA', 'MSFT', 'IBM', 'AXP', 'MMM', 'VZ', 'JPM', 'TRV', 'WMT', 'HD', 'XOM', 'PFE', 'MCD', 'DIS', 'MRK', 'KO', 'BA', 'PG']","{'INTC': 0.011051696348201773, 'AAPL': 0.009040402887027045, 'RTX': 0.004523373919347754, 'V': 0.004020104612317854, 'NKE': 0.004007200418328451, 'UNH': 0.0037415510899649904, 'CAT': 0.0033997545658810517, 'GS': 0.002920483407670391, 'CVX': 0.0025512562476475843, 'CSCO': 0.001694890255516847, 'JNJ': 0.0014660109339093477, 'DOW': 0.0014523053295744332, 'WBA': 0.0010574077996951146, 'MSFT': 0.0009702532778099997, 'IBM': 0.0006740870086509223, 'AXP': 0.0006266521129181116, 'MMM': 0.00024145752502600145, 'VZ': 0.0002014871125605132, 'JPM': -0.0006125801895356109, 'TRV': -0.0006335442864395865, 'WMT': -0.0011117137059967505, 'HD': -0.0015128290578208733, 'XOM': -0.002437732475489765, 'PFE': -0.0027654334481088897, 'MCD': -0.0031697577818651027, 'DIS': -0.0056775597907600265, 'MRK': -0.0058767313201921806, 'KO': -0.006556191497441893, 'BA': -0.007539201421809796, 'PG': -0.009905081343525551}",1.0,False,0.11660616807687317,0.00011125146931575318,0.9540787691643389
2020-04-30,2020-05-01,ridge_cross_sectional_next_month_return,"{'alpha': 0.1, 'top_n': 30, 'weighting': 'equal', 'market_filter': False, 'rebalance_months': 1}","['INTC', 'AAPL', 'V', 'CSCO', 'UNH', 'CAT', 'RTX', 'MMM', 'WBA', 'CVX', 'AXP', 'VZ', 'NKE', 'WMT', 'DOW', 'MSFT', 'JNJ', 'GS', 'TRV', 'MCD', 'PFE', 'IBM', 'HD', 'MRK', 'XOM', 'DIS', 'JPM', 'KO', 'BA', 'PG']","{'INTC': 0.009675475145185436, 'AAPL': 0.00850785067935141, 'V': 0.006430239625131215, 'CSCO': 0.0034438765003102344, 'UNH': 0.002906270313858031, 'CAT': 0.002741678039226974, 'RTX': 0.002417780199713693, 'MMM': 0.0022488750391033365, 'WBA': 0.0020177435509499534, 'CVX': 0.0018397881760883396, 'AXP': 0.0016663087988728795, 'VZ': 0.0015045039329363488, 'NKE': 0.0011565510231878985, 'WMT': 0.0008857385322683284, 'DOW': 0.0006140913246853491, 'MSFT': 0.0002338973704112731, 'JNJ': -5.77324851751209e-05, 'GS': -7.528289903234572e-05, 'TRV': -0.000547729334357757, 'MCD': -0.0015035464033610227, 'PFE': -0.001561193781008096, 'IBM': -0.001863193619980717, 'HD': -0.0019267417138424925, 'MRK': -0.002118283051048504, 'XOM': -0.002181574050455854, 'DIS': -0.0043019739564722145, 'JPM': -0.0049751201562638, 'KO': -0.00632295284325613, 'BA': -0.007033332892014833, 'PG': -0.007822226203873526}",1.0,False,0.051313887595153485,5.538525203462874e-05,1.0793423501956572
2020-05-29,2020-06-01,ridge_cross_sectional_next_month_return,"{'alpha': 0.1, 'top_n': 30, 'weighting': 'equal', 'market_filter': False, 'rebalance_months': 1}","['INTC', 'AAPL', 'V', 'CSCO', 'CVX', 'RTX', 'NKE', 'MCD', 'TRV', 'AXP', 'UNH', 'WMT', 'VZ', 'MMM', 'GS', 'MSFT', 'DOW', 'JNJ', 'IBM', 'CAT', 'PFE', 'WBA', 'XOM', 'MRK', 'DIS', 'HD', 'JPM', 'KO', 'BA', 'PG']","{'INTC': 0.008282425121802748, 'AAPL': 0.007403586272036022, 'V': 0.0062588787252644525, 'CSCO': 0.0033345683901798134, 'CVX': 0.0023167709335984487, 'RTX': 0.0021477297686686133, 'NKE': 0.002090417529694779, 'MCD': 0.002085219952246564, 'TRV': 0.0017710812282817692, 'AXP': 0.0017278877491409411, 'UNH': 0.0016843836666407715, 'WMT': 0.0014904989079842037, 'VZ': 0.0010789658445422897, 'MMM': 0.000731948695921259, 'GS': 0.0005443666229911724, 'MSFT': 0.0005081573497792155, 'DOW': 0.0004528387470288283, 'JNJ': 0.00018702884146343268, 'IBM': 5.2008652978718955e-05, 'CAT': -0.0010235378939061064, 'PFE': -0.0010965216595916953, 'WBA': -0.001169995262235835, 'XOM': -0.0017228692525275277, 'MRK': -0.0018943651111283254, 'DIS': -0.0020142174185467593, 'HD': -0.0027791699795730834, 'JPM': -0.0054917367452063, 'KO': -0.006229044136175213, 'BA': -0.007033332892014833, 'PG': -0.007857489776910458}",1.0,False,0.04183807110019547,4.7522222729860634e-05,1.1358607478832505
2020-06-30,2020-07-01,ridge_cross_sectional_next_month_return,"{'alpha': 0.1, 'top_n': 30, 'weighting': 'equal', 'market_filter': False, 'rebalance_months': 1}","['AAPL', 'INTC', 'V', 'CSCO', 'CVX', 'AXP', 'UNH', 'NKE', 'RTX', 'MCD', 'TRV', 'WMT', 'HD', 'IBM', 'VZ', 'MSFT', 'DOW', 'PFE', 'MMM', 'GS', 'JNJ', 'XOM', 'WBA', 'CAT', 'DIS', 'MRK', 'JPM', 'KO', 'PG', 'BA']","{'AAPL': 0.007673029010032985, 'INTC': 0.007322529994474187, 'V': 0.005481936714633087, 'CSCO': 0.004994609378401813, 'CVX': 0.003992171385299845, 'AXP': 0.003586615069612744, 'UNH': 0.0021503104230040735, 'NKE': 0.0020663175494244593, 'RTX': 0.0018859828285749088, 'MCD': 0.0018616098658877141, 'TRV': 0.001306362050771713, 'WMT': 0.001201760348010558, 'HD': 0.0007470495472289857, 'IBM': 0.00032256934076566176, 'VZ': 0.00018294365833063184, 'MSFT': 0.00014167496113108233, 'DOW': 4.8246361138598245e-05, 'PFE': -0.00034844239496616803, 'MMM': -0.0003786168473853017, 'GS': -0.0004574010669268297, 'JNJ': -0.0006903052158196618, 'XOM': -0.0011511570528877782, 'WBA': -0.0017643556798528242, 'CAT': -0.002000016479417578, 'DIS': -0.003352660990822175, 'MRK': -0.0043651147053210835, 'JPM': -0.005106566227629598, 'KO': -0.0055018442791864835, 'PG': -0.006550408082910445, 'BA': -0.00769761216812484}",1.0,False,0.04652586386941066,5.340914677596829e-05,1.1479453004006053
2020-07-31,2020-08-03,ridge_cross_sectional_next_month_return,"{'alpha': 0.1, 'top_n': 30, 'weighting': 'equal', 'market_filter': False, 'rebalance_months': 1}","['INTC', 'V', 'AAPL', 'CSCO', 'CVX', 'AXP', 'TRV', 'WMT', 'MCD', 'MSFT', 'UNH', 'VZ', 'IBM', 'HD', 'GS', 'DOW', 'XOM', 'MMM', 'RTX', 'WBA', 'JNJ', 'CAT', 'DIS', 'PFE', 'MRK', 'JPM', 'KO', 'PG', 'BA', 'NKE']","{'INTC': 0.009044643828490627, 'V': 0.007853560300930418, 'AAPL': 0.007494076659773678, 'CSCO': 0.005450954532966593, 'CVX': 0.004201642282408704, 'AXP': 0.0029097702782064664, 'TRV': 0.002883764924949027, 'WMT': 0.0023007861991208396, 'MCD': 0.0018973311502773807, 'MSFT': 0.0017799069276654986, 'UNH': 0.0009634842037153518, 'VZ': 0.0009620404356879388, 'IBM': 0.0008404456368404117, 'HD': 0.0007052714527882274, 'GS': 0.000444334343348954, 'DOW': 3.712798377644255e-05, 'XOM': -0.00026759395154948547, 'MMM': -0.0002737453153482015, 'RTX': -0.0007543439691056993, 'WBA': -0.000823032883052327, 'JNJ': -0.0014383845368948873, 'CAT': -0.0017520246284809568, 'DIS': -0.0026539557615798057, 'PFE': -0.0027756205559366243, 'MRK': -0.0038077412777994843, 'JPM': -0.004920185296032935, 'KO': -0.00554938112556595, 'PG': -0.006326152181401268, 'BA': -0.007199402711042337, 'NKE': -0.007490276320591603}",1.0,False,0.05370935001255052,6.245952764809828e-05,1.1629172133623487
2020-08-31,2020-09-01,ridge_cross_sectional_next_month_return,"{'alpha': 0.1, 'top_n': 30, 'weighting': 'equal', 'market_filter': False, 'rebalance_months': 1}","['CSCO', 'AAPL', 'V', 'INTC', 'CVX', 'TRV', 'DOW', 'AXP', 'AMGN', 'MMM', 'WMT', 'UNH', 'WBA', 'MSFT', 'CAT', 'VZ', 'HD', 'IBM', 'MCD', 'GS', 'HON', 'MRK', 'PG', 'DIS', 'JNJ', 'CRM', 'JPM', 'BA', 'KO', 'NKE']","{'CSCO': 0.007109841076777179, 'AAPL': 0.006606530065095738, 'V': 0.004983129941655786, 'INTC': 0.004574050631471699, 'CVX': 0.0041354201713532, 'TRV': 0.003482563569781057, 'DOW': 0.002485127044206505, 'AXP': 0.0020936556791451445, 'AMGN': 0.0020816348596106086, 'MMM': 0.0018234279415970675, 'WMT': 0.0015861805606235298, 'UNH': 0.0014596222783308651, 'WBA': 0.0011988112617104638, 'MSFT': 0.0011403698180511342, 'CAT': 0.0009812454733458017, 'VZ': 0.0009542316275736591, 'HD': 0.0009299250802702423, 'IBM': 0.0004236768976513287, 'MCD': 0.00022236513782888, 'GS': -0.0002737756616208129, 'HON': -0.0025515006527861185, 'MRK': -0.0027352869818035408, 'PG': -0.002910020777824062, 'DIS': -0.002923886750458324, 'JNJ': -0.003168910792188031, 'CRM': -0.003932214620014455, 'JPM': -0.004545910363311005, 'BA': -0.007254454236723185, 'KO': -0.007317503639002743, 'NKE': -0.007852104357341804}",1.0,False,0.2345635465401267,0.0002873453873445362,1.2250214987919281
2020-09-30,2020-10-01,ridge_cross_sectional_next_month_return,"{'alpha': 0.1, 'top_n': 30, 'weighting': 'equal', 'market_filter': False, 'rebalance_months': 1}","['AAPL', 'CSCO', 'V', 'INTC', 'CVX', 'AXP', 'DOW', 'AMGN', 'TRV', 'CAT', 'MSFT', 'WMT', 'MMM', 'WBA', 'VZ', 'GS', 'IBM', 'HD', 'DIS', 'CRM', 'MCD', 'MRK', 'UNH', 'JNJ', 'HON', 'PG', 'JPM', 'KO', 'NKE', 'BA']","{'AAPL': 0.0088921108662149, 'CSCO': 0.0052961851685612215, 'V': 0.005076254060133552, 'INTC': 0.004499122045169356, 'CVX': 0.003930190360361584, 'AXP': 0.003596666062581642, 'DOW': 0.0033513427241274422, 'AMGN': 0.0030065459812040926, 'TRV': 0.0017233913028457835, 'CAT': 0.001495927112152471, 'MSFT': 0.0013723210882078916, 'WMT': 0.00124605271408707, 'MMM': 0.0011158034738868786, 'WBA': 0.0010091967509487142, 'VZ': 0.0006027692706554251, 'GS': 0.0004573842844165892, 'IBM': -0.0007591763455282855, 'HD': -0.000996852629054028, 'DIS': -0.0011758196113701028, 'CRM': -0.0013126500281467179, 'MCD': -0.0016001534502428408, 'MRK': -0.001667560793269204, 'UNH': -0.0018806844118746003, 'JNJ': -0.002883964432993785, 'HON': -0.0032618172121051496, 'PG': -0.003610998166780063, 'JPM': -0.004046389027684142, 'KO': -0.006458967350508696, 'NKE': -0.006692627235637741, 'BA': -0.007088384417695685}",1.0,False,0.038806385588876134,4.697551022999724e-05,1.2105098044344225
2020-10-30,2020-11-02,ridge_cross_sectional_next_month_return,"{'alpha': 0.1, 'top_n': 30, 'weighting': 'equal', 'market_filter': False, 'rebalance_months': 1}","['AXP', 'DOW', 'GS', 'INTC', 'V', 'AAPL', 'CSCO', 'CVX', 'TRV', 'MCD', 'BA', 'IBM', 'AMGN', 'MSFT', 'MMM', 'CAT', 'HD', 'DIS', 'HON', 'CRM', 'JPM', 'VZ', 'WBA', 'WMT', 'UNH', 'KO', 'MRK', 'NKE', 'JNJ', 'PG']","{'AXP': 0.008179590841300096, 'DOW': 0.006283201833312522, 'GS': 0.0061736367537471425, 'INTC': 0.005538393719345112, 'V': 0.004491371550481267, 'AAPL': 0.0034865844942804755, 'CSCO': 0.003393332688116742, 'CVX': 0.002679867290466828, 'TRV': 0.0019822968758675254, 'MCD': 0.001099550400149885, 'BA': 0.0009742281325632873, 'IBM': 0.0006369411145583821, 'AMGN': 0.0005986800141668412, 'MSFT': 3.951443837532653e-05, 'MMM': 1.8309340469356908e-05, 'CAT': -0.00040784799193870633, 'HD': -0.00047271994383020206, 'DIS': -0.000492657843035297, 'HON': -0.0010020623492115472, 'CRM': -0.0011593184173712238, 'JPM': -0.0012598404097488606, 'VZ': -0.001783477707348568, 'WBA': -0.002493364917453287, 'WMT': -0.0025616447658503893, 'UNH': -0.003150271988729913, 'KO': -0.0039980604015793075, 'MRK': -0.004701677662412021, 'NKE': -0.005439913839474045, 'JNJ': -0.006058952912635951, 'PG': -0.006289483857871714}",1.0,False,0.04519624039876323,5.2750483533216296e-05,1.1671431753571209
2020-11-30,2020-12-01,ridge_cross_sectional_next_month_return,"{'alpha': 0.1, 'top_n': 30, 'weighting': 'equal', 'market_filter': False, 'rebalance_months': 1}","['INTC', 'DOW', 'TRV', 'AXP', 'CVX', 'GS', 'CAT', 'AAPL', 'CSCO', 'V', 'HON', 'MMM', 'WBA', 'MSFT', 'HD', 'CRM', 'VZ', 'IBM', 'MCD', 'AMGN', 'WMT', 'BA', 'JPM', 'MRK', 'PG', 'KO', 'UNH', 'NKE', 'DIS', 'JNJ']","{'INTC': 0.00696961493923089, 'DOW': 0.0064555727883312, 'TRV': 0.00617217839834743, 'AXP': 0.004622853727619844, 'CVX': 0.003672620417366887, 'GS': 0.00340443645227738, 'CAT': 0.0033175375336757774, 'AAPL': 0.0032143540097428224, 'CSCO': 0.0031993239262341064, 'V': 0.002007339535211231, 'HON': 0.0009234737125068961, 'MMM': 0.0005197784079939869, 'WBA': -0.0006606977822007803, 'MSFT': -0.0007577646291661881, 'HD': -0.000760228880183586, 'CRM': -0.0008936090059165711, 'VZ': -0.0009024926139106259, 'IBM': -0.0009073367506156433, 'MCD': -0.0011166024516423296, 'AMGN': -0.0012093471460610933, 'WMT': -0.0012500750829741118, 'BA': -0.001291096425925873, 'JPM': -0.0015637003922648967, 'MRK': -0.0029239366433774514, 'PG': -0.0034958197419964697, 'KO': -0.003563824775986123, 'UNH': -0.0046530958710909835, 'NKE': -0.004836538041124185, 'DIS': -0.005893694580163254, 'JNJ': -0.006046404926248631}",1.0,False,0.06842034827460575,9.02064705611249e-05,1.318415834410552
2020-12-31,2021-01-04,ridge_cross_sectional_next_month_return,"{'alpha': 10.0, 'top_n': 20, 'weighting': 'equal', 'market_filter': True, 'rebalance_months': 1}","['INTC', 'DOW', 'CVX', 'AXP', 'AAPL', 'CAT', 'TRV', 'AMGN', 'CSCO', 'BA', 'HON', 'V', 'WMT', 'MSFT', 'VZ', 'MCD', 'CRM', 'MMM', 'JPM', 'GS']","{'INTC': 0.00721463301864959, 'DOW': 0.006180276481522905, 'CVX': 0.004421887307865356, 'AXP': 0.004123030841578404, 'AAPL': 0.004049323768392603, 'CAT': 0.003509191807116606, 'TRV': 0.0031732960936461394, 'AMGN': 0.0031293415552156607, 'CSCO': 0.0025601592366786613, 'BA': 0.0014806172792692814, 'HON': 0.0012469853009039853, 'V': 0.0011382805265668754, 'WMT': 0.0002748762067388611, 'MSFT': -3.772113268390087e-05, 'VZ': -7.375441616553572e-05, 'MCD': -8.224513721870937e-05, 'CRM': -0.00044986024895405253, 'MMM': -0.0010654756881362006, 'JPM': -0.0011681971387086628, 'GS': -0.0017324432234695102}",1.0,False,0.6769614522543372,0.0009177707436866106,1.3557208325974228
2021-01-29,2021-02-01,ridge_cross_sectional_next_month_return,"{'alpha': 10.0, 'top_n': 20, 'weighting': 'equal', 'market_filter': True, 'rebalance_months': 1}","['AXP', 'INTC', 'DOW', 'CVX', 'AAPL', 'V', 'TRV', 'CSCO', 'CAT', 'HON', 'GS', 'MMM', 'JPM', 'AMGN', 'VZ', 'KO', 'MCD', 'IBM', 'BA', 'WMT']","{'AXP': 0.007875411024254195, 'INTC': 0.0066994792000934535, 'DOW': 0.006178421859597307, 'CVX': 0.004917530265519688, 'AAPL': 0.0036055275828362518, 'V': 0.0030870012785402367, 'TRV': 0.0025597281597073513, 'CSCO': 0.002230564358078506, 'CAT': 0.0017993974031997794, 'HON': 0.0016356169566318032, 'GS': 0.001083318294312672, 'MMM': 0.0009478043322305053, 'JPM': 0.0009279270306259465, 'AMGN': 0.000868240056021792, 'VZ': 0.00028625342234886615, 'KO': -0.0004733973243235441, 'MCD': -0.0006631604784213341, 'IBM': -0.0014328570474954924, 'BA': -0.001442144711280697, 'WMT': -0.0015730749034200016}",1.0,False,0.24182736873637062,0.00032568040084616134,1.3467474858116806
2021-02-26,2021-03-01,ridge_cross_sectional_next_month_return,"{'alpha': 10.0, 'top_n': 20, 'weighting': 'equal', 'market_filter': True, 'rebalance_months': 1}","['INTC', 'DOW', 'AAPL', 'MMM', 'TRV', 'IBM', 'CVX', 'WBA', 'V', 'CSCO', 'AXP', 'JPM', 'AMGN', 'JNJ', 'VZ', 'KO', 'HON', 'CAT', 'MSFT', 'MCD']","{'INTC': 0.013866632008330515, 'DOW': 0.0059312856112087005, 'AAPL': 0.00421212621319229, 'MMM': 0.0039973051888132095, 'TRV': 0.0034818224945113206, 'IBM': 0.0034751565938601864, 'CVX': 0.0032993147515214985, 'WBA': 0.0032972958093636135, 'V': 0.002180873073512143, 'CSCO': 0.0019950113595345364, 'AXP': 0.0012400778443254542, 'JPM': 0.0008275813200248425, 'AMGN': 0.0004667894879176642, 'JNJ': 0.00012525304787217246, 'VZ': -0.0005128748970862308, 'KO': -0.0006159372748845496, 'HON': -0.0006292467380211507, 'CAT': -0.0013874678593981042, 'MSFT': -0.0016058806326865209, 'MCD': -0.002722795892980377}",1.0,False,0.36249250340543726,0.0005219931156766779,1.4400107885620017
2021-03-31,2021-04-01,ridge_cross_sectional_next_month_return,"{'alpha': 10.0, 'top_n': 20, 'weighting': 'equal', 'market_filter': True, 'rebalance_months': 1}","['INTC', 'CSCO', 'CVX', 'DOW', 'IBM', 'V', 'TRV', 'WBA', 'MMM', 'VZ', 'AMGN', 'KO', 'CAT', 'AXP', 'WMT', 'JNJ', 'JPM', 'UNH', 'BA', 'MSFT']","{'INTC': 0.015207318146789479, 'CSCO': 0.006751971560010692, 'CVX': 0.0057727877682645715, 'DOW': 0.005265942710371799, 'IBM': 0.005226004104927448, 'V': 0.005208534732942906, 'TRV': 0.004257332638712546, 'WBA': 0.004097271387397294, 'MMM': 0.002957388628874455, 'VZ': 0.0025004408790340487, 'AMGN': 0.001871957311303572, 'KO': 0.0011777287946066533, 'CAT': 0.0001232442497101677, 'AXP': -8.545013947686229e-05, 'WMT': -0.0010729222099976309, 'JNJ': -0.0013298041169332378, 'JPM': -0.001368452693833129, 'UNH': -0.002060005207116497, 'BA': -0.002061102661984922, 'MSFT': -0.0020914938571776173}",1.0,False,0.3291905707075224,0.0005006217385394249,1.5207657299036512
2021-04-30,2021-05-03,ridge_cross_sectional_next_month_return,"{'alpha': 10.0, 'top_n': 20, 'weighting': 'equal', 'market_filter': True, 'rebalance_months': 1}","['INTC', 'CSCO', 'WBA', 'CVX', 'IBM', 'V', 'AMGN', 'MMM', 'DOW', 'VZ', 'TRV', 'MSFT', 'CAT', 'WMT', 'KO', 'UNH', 'JNJ', 'JPM', 'HD', 'AXP']","{'INTC': 0.016736960691268694, 'CSCO': 0.008360401051140802, 'WBA': 0.005990506374451138, 'CVX': 0.005968990957666468, 'IBM': 0.005496603580911053, 'V': 0.004580074823809399, 'AMGN': 0.003916311566742361, 'MMM': 0.0035008370505258714, 'DOW': 0.003187843629921486, 'VZ': 0.0025729825436901607, 'TRV': 0.0024559278168343702, 'MSFT': 0.00040548339974621475, 'CAT': 0.000333757040629175, 'WMT': 0.000272105203616666, 'KO': 0.00013214114924479264, 'UNH': -0.00024106292506737692, 'JNJ': -0.0004121511487287315, 'JPM': -0.0013493839405278847, 'HD': -0.0015123770127843674, 'AXP': -0.0024650667208695894}",1.0,False,0.12928451889778403,0.0001992809399645088,1.541413787694611
2021-05-28,2021-06-01,ridge_cross_sectional_next_month_return,"{'alpha': 10.0, 'top_n': 20, 'weighting': 'equal', 'market_filter': True, 'rebalance_months': 1}","['INTC', 'CSCO', 'CVX', 'IBM', 'V', 'AMGN', 'DOW', 'WBA', 'MMM', 'VZ', 'TRV', 'JNJ', 'WMT', 'MSFT', 'HD', 'AXP', 'UNH', 'KO', 'CAT', 'AAPL']","{'INTC': 0.017186442371538664, 'CSCO': 0.008856044008795135, 'CVX': 0.008602084718927597, 'IBM': 0.008247795001141173, 'V': 0.005964320197323512, 'AMGN': 0.005797958495259228, 'DOW': 0.0036456113190518297, 'WBA': 0.0035080598082790253, 'MMM': 0.0030359544862907438, 'VZ': 0.0024549395347872325, 'TRV': 0.0012601743615808592, 'JNJ': 8.961958326276576e-05, 'WMT': -0.00018622906612950942, 'MSFT': -0.00036972585886664556, 'HD': -0.0009306875029454773, 'AXP': -0.0013175697446951105, 'UNH': -0.001430929185752791, 'KO': -0.002026233029592846, 'CAT': -0.0026636006674196936, 'AAPL': -0.0028446779605618734}",1.0,False,0.12402073744836643,0.00019602952138492497,1.5806188982430294
2021-06-30,2021-07-01,ridge_cross_sectional_next_month_return,"{'alpha': 10.0, 'top_n': 20, 'weighting': 'equal', 'market_filter': True, 'rebalance_months': 1}","['INTC', 'CSCO', 'IBM', 'CVX', 'AMGN', 'V', 'DOW', 'WBA', 'MMM', 'JNJ', 'TRV', 'VZ', 'HD', 'CAT', 'UNH', 'MSFT', 'WMT', 'AAPL', 'MCD', 'AXP']","{'INTC': 0.019209570239252443, 'CSCO': 0.010429019433942689, 'IBM': 0.007092357003215045, 'CVX': 0.005431501249550453, 'AMGN': 0.0054111814614570064, 'V': 0.005354581607990287, 'DOW': 0.0052739689275419135, 'WBA': 0.004268738376140166, 'MMM': 0.0028207480228083807, 'JNJ': 0.0017308635206548626, 'TRV': 0.0016033155022205751, 'VZ': 0.0012785781616302654, 'HD': 0.0010924295356095908, 'CAT': 0.0010365720370702613, 'UNH': 0.00016482423655120077, 'MSFT': -0.0010740269855143872, 'WMT': -0.0013027248434564868, 'AAPL': -0.002465466816946383, 'MCD': -0.0028288187060116735, 'AXP': -0.00310476720461287}",1.0,False,0.13166074018046836,0.0002064805398377447,1.5682772218561152
2021-07-30,2021-08-02,ridge_cross_sectional_next_month_return,"{'alpha': 10.0, 'top_n': 20, 'weighting': 'equal', 'market_filter': True, 'rebalance_months': 1}","['INTC', 'CSCO', 'CVX', 'IBM', 'AMGN', 'V', 'MSFT', 'WBA', 'HD', 'DOW', 'MMM', 'VZ', 'CAT', 'WMT', 'TRV', 'JNJ', 'NKE', 'UNH', 'MCD', 'MRK']","{'INTC': 0.016821780457790092, 'CSCO': 0.009944780150182882, 'CVX': 0.008771800667321857, 'IBM': 0.008085497540449307, 'AMGN': 0.006811444846324735, 'V': 0.005201844641300607, 'MSFT': 0.004535919346068463, 'WBA': 0.004513126875377654, 'HD': 0.004154900420354775, 'DOW': 0.00352051975271529, 'MMM': 0.0025690265870140835, 'VZ': 0.0013712842719465906, 'CAT': 5.618944210790703e-05, 'WMT': -0.0007773633724422867, 'TRV': -0.0009807735211115089, 'JNJ': -0.0017147675758751807, 'NKE': -0.0018085894109452776, 'UNH': -0.0018193570504702727, 'MCD': -0.0021934031241204496, 'MRK': -0.003263692599805282}",1.0,False,0.23650795814429446,0.00037402987967111563,1.5814684740668155
2021-08-31,2021-09-01,ridge_cross_sectional_next_month_return,"{'alpha': 10.0, 'top_n': 20, 'weighting': 'equal', 'market_filter': True, 'rebalance_months': 1}","['CSCO', 'V', 'INTC', 'IBM', 'AMGN', 'HD', 'CVX', 'DOW', 'NKE', 'VZ', 'UNH', 'MSFT', 'PG', 'MMM', 'KO', 'WMT', 'TRV', 'MCD', 'JNJ', 'MRK']","{'CSCO': 0.01007514304225365, 'V': 0.009645378200695073, 'INTC': 0.008799967034061173, 'IBM': 0.008787944045171452, 'AMGN': 0.0058533527260463646, 'HD': 0.005852967411838867, 'CVX': 0.005795565765421011, 'DOW': 0.0037624845823267623, 'NKE': 0.0029219863420760763, 'VZ': 0.0028166089940162725, 'UNH': 0.0023575344345041545, 'MSFT': 0.0014876404208229456, 'PG': 0.0008008575040859786, 'MMM': 0.0007070660846004431, 'KO': 0.00027903437440502115, 'WMT': 0.00020028405336939377, 'TRV': -0.001041341591373472, 'MCD': -0.0015215479520157495, 'JNJ': -0.001985470633435772, 'MRK': -0.0020857583304185667}",1.0,False,0.2309273276012502,0.00036690423855402336,1.5888298815269233
2021-09-30,2021-10-01,ridge_cross_sectional_next_month_return,"{'alpha': 10.0, 'top_n': 20, 'weighting': 'equal', 'market_filter': True, 'rebalance_months': 1}","['AMGN', 'WMT', 'HD', 'CSCO', 'INTC', 'IBM', 'MSFT', 'AAPL', 'V', 'PG', 'VZ', 'NKE', 'CRM', 'UNH', 'MMM', 'MRK', 'JNJ', 'MCD', 'KO', 'DOW']","{'AMGN': 0.007685420546855622, 'WMT': 0.007188569963569356, 'HD': 0.007104017855016444, 'CSCO': 0.007064883510392162, 'INTC': 0.0069544753039385435, 'IBM': 0.006942687204799226, 'MSFT': 0.006627197746441654, 'AAPL': 0.005368888720823922, 'V': 0.004298986456930334, 'PG': 0.0032293590856112935, 'VZ': 0.0026187238653733107, 'NKE': 0.0024385070978316346, 'CRM': 0.0021918858646638216, 'UNH': 0.002107858333751391, 'MMM': 0.00199672953227818, 'MRK': 0.0010808231116684816, 'JNJ': 0.000503627111599173, 'MCD': 0.00021279253354435502, 'KO': -0.0003288425921011348, 'DOW': -0.0006588565467890591}",1.0,False,0.24111172078395493,0.00037038122119604567,1.5361394294386916
2021-10-29,2021-11-01,ridge_cross_sectional_next_month_return,"{'alpha': 10.0, 'top_n': 20, 'weighting': 'equal', 'market_filter': True, 'rebalance_months': 1}","['INTC', 'V', 'IBM', 'NKE', 'AMGN', 'WMT', 'MSFT', 'VZ', 'AAPL', 'PG', 'HD', 'MRK', 'MCD', 'CSCO', 'CRM', 'MMM', 'JNJ', 'UNH', 'DOW', 'KO']","{'INTC': 0.009777883779921734, 'V': 0.008187359954780668, 'IBM': 0.007351826852022571, 'NKE': 0.005904574517455621, 'AMGN': 0.005242321869391246, 'WMT': 0.005045688565869875, 'MSFT': 0.00481716448354963, 'VZ': 0.004163782007922473, 'AAPL': 0.0038166835519969984, 'PG': 0.003267516143564948, 'HD': 0.0029001697641572715, 'MRK': 0.0026997472477045268, 'MCD': 0.002503255050203811, 'CSCO': 0.0022839475446251823, 'CRM': 0.0013641376854036952, 'MMM': 0.0007099673670590851, 'JNJ': 0.00010822229343455513, 'UNH': -0.00020873094937759852, 'DOW': -0.000389151950490425, 'KO': -0.0017478735642853954}",1.0,False,0.06320860041653942,0.00010109775954502801,1.5994304395098482
2021-11-30,2021-12-01,ridge_cross_sectional_next_month_return,"{'alpha': 10.0, 'top_n': 20, 'weighting': 'equal', 'market_filter': True, 'rebalance_months': 1}","['INTC', 'V', 'MRK', 'VZ', 'WMT', 'NKE', 'AMGN', 'MSFT', 'CSCO', 'MMM', 'PG', 'IBM', 'AAPL', 'HD', 'CVX', 'DOW', 'UNH', 'TRV', 'JNJ', 'MCD']","{'INTC': 0.008966579236540949, 'V': 0.008645422891169357, 'MRK': 0.007248359935949886, 'VZ': 0.005598681445118402, 'WMT': 0.005557786725333224, 'NKE': 0.0052818603514032565, 'AMGN': 0.004115030713388097, 'MSFT': 0.003018316758029022, 'CSCO': 0.00293573785030849, 'MMM': 0.0027013240141327255, 'PG': 0.0026726421935704334, 'IBM': 0.0022915262403152997, 'AAPL': 0.0013699204270198441, 'HD': 0.0011186720638324526, 'CVX': 0.0007068740284807134, 'DOW': 0.0002581158619894277, 'UNH': 0.00023437949536765472, 'TRV': 0.0002275695363896153, 'JNJ': 0.00017646846735337577, 'MCD': -0.00040761731963492235}",1.0,False,0.2317453311232614,0.00036461009419868067,1.573322286284813
2021-12-31,2022-01-03,ridge_cross_sectional_next_month_return,"{'alpha': 0.1, 'top_n': 20, 'weighting': 'equal', 'market_filter': False, 'rebalance_months': 3}","['INTC', 'V', 'MRK', 'NKE', 'AAPL', 'CRM', 'WBA', 'HD', 'MSFT', 'DOW', 'CSCO', 'CVX', 'TRV', 'AMGN', 'IBM', 'WMT', 'UNH', 'AXP', 'GS', 'CAT']","{'INTC': 0.008980189500855273, 'V': 0.005829889192045483, 'MRK': 0.00488118957819348, 'NKE': 0.004648520403406317, 'AAPL': 0.0032768054754809773, 'CRM': 0.003182001661942207, 'WBA': 0.0021589612297973847, 'HD': 0.001973671185596689, 'MSFT': 0.0018497289866476886, 'DOW': 0.0017757588140138794, 'CSCO': 0.001159615120521938, 'CVX': 0.0007113624983034195, 'TRV': 0.0006655331390098476, 'AMGN': 0.0001957816327001604, 'IBM': -9.339781309856054e-05, 'WMT': -0.0005509786446659315, 'UNH': -0.0005751612188196905, 'AXP': -0.0008250215128181981, 'GS': -0.0014478156262125721, 'CAT': -0.002308149253572052}",1.0,False,0.5320966564903328,0.0008887416531894802,1.6702635552186127
2022-03-31,2022-04-01,ridge_cross_sectional_next_month_return,"{'alpha': 0.1, 'top_n': 20, 'weighting': 'equal', 'market_filter': False, 'rebalance_months': 3}","['AXP', 'V', 'CVX', 'INTC', 'DOW', 'MRK', 'MSFT', 'HD', 'NKE', 'AAPL', 'TRV', 'WBA', 'CSCO', 'CAT', 'AMGN', 'IBM', 'CRM', 'VZ', 'UNH', 'PG']","{'AXP': 0.007724454172491445, 'V': 0.006459381018292127, 'CVX': 0.006179153606595085, 'INTC': 0.005454208536973466, 'DOW': 0.0037202182483489317, 'MRK': 0.0033352104751291343, 'MSFT': 0.0026444075302857134, 'HD': 0.002401813603430524, 'NKE': 0.002393426552957416, 'AAPL': 0.0020374429558452714, 'TRV': 0.0010562832077603515, 'WBA': 0.0009109379288104275, 'CSCO': 0.000109358153859923, 'CAT': -0.00035787232655098424, 'AMGN': -0.0005444761081694095, 'IBM': -0.001129646716558411, 'CRM': -0.0012294166261950313, 'VZ': -0.001274028384330259, 'UNH': -0.0017909775584767822, 'PG': -0.002569775050533981}",1.0,False,0.3049439183836669,0.0005108190189758829,1.6751244677494865
2022-06-30,2022-07-01,ridge_cross_sectional_next_month_return,"{'alpha': 0.1, 'top_n': 20, 'weighting': 'equal', 'market_filter': False, 'rebalance_months': 3}","['CVX', 'V', 'AXP', 'DOW', 'INTC', 'CAT', 'NKE', 'AAPL', 'WBA', 'CSCO', 'MSFT', 'TRV', 'IBM', 'WMT', 'HD', 'VZ', 'AMGN', 'MMM', 'CRM', 'UNH']","{'CVX': 0.009227813259368698, 'V': 0.008345907620804244, 'AXP': 0.0071192524985093705, 'DOW': 0.005784154713167975, 'INTC': 0.005756578571450859, 'CAT': 0.0031067566458810826, 'NKE': 0.0029998519144448493, 'AAPL': 0.0023429446347137343, 'WBA': 0.0009272951706118216, 'CSCO': 0.0008855163089155711, 'MSFT': 0.00038120914880641053, 'TRV': -0.00032579590818233926, 'IBM': -0.00033795004919149734, 'WMT': -0.0006498517846172749, 'HD': -0.00134530632594066, 'VZ': -0.0013571970287535925, 'AMGN': -0.0013595398247179939, 'MMM': -0.0013896045537347317, 'CRM': -0.0017165418981382671, 'UNH': -0.0031381631119534494}",1.0,False,0.31146296244597127,0.0004611629509161506,1.4806349599148485
2022-09-30,2022-10-03,ridge_cross_sectional_next_month_return,"{'alpha': 0.1, 'top_n': 20, 'weighting': 'equal', 'market_filter': False, 'rebalance_months': 3}","['CVX', 'INTC', 'V', 'CAT', 'AAPL', 'WMT', 'AXP', 'DOW', 'NKE', 'MSFT', 'CSCO', 'MMM', 'IBM', 'HD', 'WBA', 'GS', 'CRM', 'UNH', 'AMGN', 'VZ']","{'CVX': 0.008863932576066522, 'INTC': 0.004997219730346884, 'V': 0.004337294313143027, 'CAT': 0.004067084970214499, 'AAPL': 0.0036300726144611268, 'WMT': 0.00311968600340156, 'AXP': 0.002624779098761004, 'DOW': 0.002463574880028959, 'NKE': 0.0021708034281660523, 'MSFT': 0.0012800983976777598, 'CSCO': 0.00113750240345973, 'MMM': 0.0003693053849085355, 'IBM': 0.0001999822833227443, 'HD': -0.00023759873634560374, 'WBA': -0.0008831049190876107, 'GS': -0.0012265992270889016, 'CRM': -0.001400972050220922, 'UNH': -0.0015180633386759328, 'AMGN': -0.00208158833195283, 'VZ': -0.0022767707980206986}",1.0,False,0.17624104081838624,0.00024003819905525105,1.361988092788256
2022-12-30,2023-01-03,ridge_cross_sectional_next_month_return,"{'alpha': 0.1, 'top_n': 20, 'weighting': 'equal', 'market_filter': True, 'rebalance_months': 3}","['WMT', 'CSCO', 'AMGN', 'BA', 'HD', 'GS', 'IBM', 'TRV', 'UNH', 'HON', 'MRK', 'JPM', 'V', 'WBA', 'MCD', 'INTC', 'CAT', 'VZ', 'PG', 'MMM']","{'WMT': 0.010253850255392489, 'CSCO': 0.005890498836633474, 'AMGN': 0.004394608680612168, 'BA': 0.004037502211224192, 'HD': 0.003251145143733151, 'GS': 0.003049188976594547, 'IBM': 0.00209409507765141, 'TRV': 0.0020396908307489785, 'UNH': 0.002023237893288926, 'HON': 0.0017861568276126213, 'MRK': 0.0017762328646713883, 'JPM': 0.0015094386644984087, 'V': 0.00045074155766061164, 'WBA': -0.00039100505409084664, 'MCD': -0.0006787668061244297, 'INTC': -0.001122232774582354, 'CAT': -0.0012107443772940128, 'VZ': -0.0015799745545335975, 'PG': -0.001659850398536985, 'MMM': -0.001737045153811922}",1.0,False,0.7315879583459584,0.00113375628352457,1.549719716666566
2023-03-31,2023-04-03,ridge_cross_sectional_next_month_return,"{'alpha': 0.1, 'top_n': 20, 'weighting': 'equal', 'market_filter': True, 'rebalance_months': 3}","['DOW', 'JPM', 'TRV', 'CAT', 'AXP', 'WMT', 'WBA', 'V', 'CSCO', 'NKE', 'BA', 'CRM', 'GS', 'VZ', 'MRK', 'CVX', 'HD', 'MMM', 'IBM', 'MCD']","{'DOW': 0.007699545643650499, 'JPM': 0.006188942523497772, 'TRV': 0.005265542397358919, 'CAT': 0.0050445887794842124, 'AXP': 0.004682783617785806, 'WMT': 0.0044414930013062445, 'WBA': 0.0038425782686489444, 'V': 0.0034727782766565793, 'CSCO': 0.0030028723912931014, 'NKE': 0.0025560745526453286, 'BA': 0.0025450414243140393, 'CRM': 0.0018154656441762892, 'GS': 0.0016171780835696338, 'VZ': 0.0010828470733205155, 'MRK': 0.0009902317954596567, 'CVX': -0.0004480746708823357, 'HD': -0.0011786742270547444, 'MMM': -0.0016725445714421989, 'IBM': -0.0018338130273545439, 'MCD': -0.0019219757598702893}",1.0,False,0.5467307322141787,0.0008388408772508314,1.534285211759818
2023-06-30,2023-07-03,ridge_cross_sectional_next_month_return,"{'alpha': 0.1, 'top_n': 20, 'weighting': 'equal', 'market_filter': True, 'rebalance_months': 3}","['DOW', 'AXP', 'INTC', 'VZ', 'V', 'CSCO', 'WMT', 'AAPL', 'NKE', 'JPM', 'CRM', 'MCD', 'BA', 'MSFT', 'TRV', 'PG', 'KO', 'UNH', 'MMM', 'MRK']","{'DOW': 0.006387787522480878, 'AXP': 0.005494753077417822, 'INTC': 0.005308003391091979, 'VZ': 0.005120337769967176, 'V': 0.004421690157219814, 'CSCO': 0.0028354405770600515, 'WMT': 0.0028040502956489816, 'AAPL': 0.0020962794848274464, 'NKE': 0.001661217395143118, 'JPM': 0.0014609361721080421, 'CRM': 0.0012516103773492293, 'MCD': 0.0012492857463478769, 'BA': 0.0007843211625152904, 'MSFT': 0.0007200713532476968, 'TRV': 2.4808292483728938e-05, 'PG': -0.0008272358021285439, 'KO': -0.002079548017757043, 'UNH': -0.0022385031883738007, 'MMM': -0.0022844978252350243, 'MRK': -0.002579121194083545}",1.0,False,0.6272432096084268,0.0009751774727197065,1.554703913540151
2023-09-29,2023-10-02,ridge_cross_sectional_next_month_return,"{'alpha': 0.1, 'top_n': 20, 'weighting': 'equal', 'market_filter': True, 'rebalance_months': 3}","['WMT', 'INTC', 'CSCO', 'IBM', 'HD', 'AAPL', 'V', 'MSFT', 'PG', 'MMM', 'AMGN', 'JNJ', 'VZ', 'CRM', 'CVX', 'CAT', 'DOW', 'JPM', 'MCD', 'UNH']","{'WMT': 0.006962914163924808, 'INTC': 0.005705078093288012, 'CSCO': 0.005238318311444005, 'IBM': 0.004832250297880347, 'HD': 0.0034906703883201824, 'AAPL': 0.0030287008603104176, 'V': 0.002570205167394826, 'MSFT': 0.0016954474039940753, 'PG': 0.0014118739262059133, 'MMM': 0.001153958357935908, 'AMGN': 0.0008861879665322465, 'JNJ': 0.0007107756855221799, 'VZ': 0.0006183138898664359, 'CRM': 9.430637488155869e-05, 'CVX': -5.065571623538538e-05, 'CAT': -0.0007699367623357168, 'DOW': -0.0008347170211422507, 'JPM': -0.0015321757633577793, 'MCD': -0.0019314277441900098, 'UNH': -0.0020816741370342636}",0.5,True,0.8001600320063932,0.0011821909193192154,1.4774431014192044
2023-12-29,2024-01-02,ridge_cross_sectional_next_month_return,"{'alpha': 0.1, 'top_n': 30, 'weighting': 'equal', 'market_filter': False, 'rebalance_months': 1}","['CVX', 'AMGN', 'MRK', 'WBA', 'UNH', 'KO', 'MMM', 'CAT', 'DIS', 'HON', 'JNJ', 'HD', 'CSCO', 'MSFT', 'GS', 'NKE', 'PG', 'AXP', 'CRM', 'TRV', 'V', 'MCD', 'VZ', 'BA', 'DOW', 'WMT', 'AAPL', 'IBM', 'INTC', 'JPM']","{'CVX': 0.0026377613562995747, 'AMGN': 0.0018531408908625418, 'MRK': 0.0016589897527322498, 'WBA': 0.0016001465824482918, 'UNH': 0.0014210189083538546, 'KO': 0.0012849142413766054, 'MMM': 0.001193641405763586, 'CAT': 0.0008702293595624427, 'DIS': 0.0008082414088082246, 'HON': 0.0007208793490494996, 'JNJ': 0.0003866846005901835, 'HD': 0.00029927656987876875, 'CSCO': -1.840962648099663e-05, 'MSFT': -0.00022673646604474528, 'GS': -0.0002829832472208624, 'NKE': -0.0009868200258783715, 'PG': -0.0010221903999126417, 'AXP': -0.0013423350976030763, 'CRM': -0.0013731734744792808, 'TRV': -0.0015812293156896682, 'V': -0.0016258175634443, 'MCD': -0.0016580946391644975, 'VZ': -0.0016980665557788724, 'BA': -0.001713761574171521, 'DOW': -0.002008681398721442, 'WMT': -0.0022070495435272527, 'AAPL': -0.0022884459618404095, 'IBM': -0.002524049419278923, 'INTC': -0.002572493243784746, 'JPM': -0.0031074947632093747}",1.0,False,0.4726222929729586,0.0007373930621870126,1.5602164204920461
2024-01-31,2024-02-01,ridge_cross_sectional_next_month_return,"{'alpha': 0.1, 'top_n': 30, 'weighting': 'equal', 'market_filter': False, 'rebalance_months': 1}","['CVX', 'KO', 'MRK', 'WBA', 'UNH', 'NKE', 'AMGN', 'MMM', 'PG', 'DIS', 'CAT', 'CSCO', 'HON', 'JNJ', 'HD', 'CRM', 'MSFT', 'VZ', 'TRV', 'BA', 'AXP', 'IBM', 'V', 'MCD', 'INTC', 'GS', 'WMT', 'AAPL', 'DOW', 'JPM']","{'CVX': 0.002631424325235252, 'KO': 0.001876736172409926, 'MRK': 0.001598936890201161, 'WBA': 0.0015806793239600213, 'UNH': 0.001401861454502485, 'NKE': 0.0011642346308392982, 'AMGN': 0.0009568580064135612, 'MMM': 0.0005163333090355843, 'PG': 0.0003391315028129348, 'DIS': 0.00026544988262377546, 'CAT': 0.0002538419873149252, 'CSCO': 0.00013256873916136233, 'HON': 0.0001196718604209378, 'JNJ': -0.00012375337819004297, 'HD': -0.00030295928073094424, 'CRM': -0.0005716094738201847, 'MSFT': -0.0006324454335019818, 'VZ': -0.0007371186548360217, 'TRV': -0.0008796118834813661, 'BA': -0.0009585426805972671, 'AXP': -0.0011002388997799642, 'IBM': -0.0014975723931318523, 'V': -0.001580573843287929, 'MCD': -0.0016387363305195267, 'INTC': -0.0021131916861138553, 'GS': -0.002422102769457033, 'WMT': -0.0024666996834339055, 'AAPL': -0.00248700592815615, 'DOW': -0.002940642838921842, 'JPM': -0.0033893942372260717}",1.0,False,0.06324873864022958,0.00010017550040668317,1.583833963496091
2024-02-29,2024-03-01,ridge_cross_sectional_next_month_return,"{'alpha': 0.1, 'top_n': 30, 'weighting': 'equal', 'market_filter': False, 'rebalance_months': 1}","['DIS', 'NKE', 'BA', 'MCD', 'HON', 'CAT', 'JNJ', 'KO', 'AMZN', 'CSCO', 'UNH', 'AMGN', 'MMM', 'CVX', 'CRM', 'TRV', 'GS', 'AXP', 'VZ', 'MSFT', 'DOW', 'PG', 'V', 'HD', 'IBM', 'MRK', 'JPM', 'INTC', 'AAPL', 'WMT']","{'DIS': 0.0023076072573968804, 'NKE': 0.0018333818304543605, 'BA': 0.0017023091454154617, 'MCD': 0.0016123758802816818, 'HON': 0.0008781396480525136, 'CAT': 0.0005552470595430333, 'JNJ': 0.0004958715145409718, 'KO': 0.00040551017626588913, 'AMZN': 0.0003783582603575737, 'CSCO': 0.0003457349235547254, 'UNH': 0.00032299745765676074, 'AMGN': -0.0003119149849967825, 'MMM': -0.00031845393760761244, 'CVX': -0.00043233448671995377, 'CRM': -0.00047414446804220777, 'TRV': -0.0004985761264200229, 'GS': -0.0005513021144792423, 'AXP': -0.0005997448128930829, 'VZ': -0.0009605708030160592, 'MSFT': -0.0010731369478469111, 'DOW': -0.0011046410535145886, 'PG': -0.0011377776302543918, 'V': -0.0013252494719598659, 'HD': -0.0013495139147791867, 'IBM': -0.0014561393752081948, 'MRK': -0.0017942149672669737, 'JPM': -0.002075848376339738, 'INTC': -0.002197942869263138, 'AAPL': -0.002929684096283634, 'WMT': -0.00304077395655905}",1.0,False,0.10237018255868019,0.00016552620875959285,1.616937711962276
2024-03-28,2024-04-01,ridge_cross_sectional_next_month_return,"{'alpha': 0.1, 'top_n': 30, 'weighting': 'equal', 'market_filter': False, 'rebalance_months': 1}","['NKE', 'DIS', 'BA', 'CSCO', 'CRM', 'MCD', 'KO', 'HON', 'UNH', 'MMM', 'AMZN', 'GS', 'AMGN', 'JNJ', 'AXP', 'CAT', 'TRV', 'DOW', 'CVX', 'MSFT', 'MRK', 'PG', 'VZ', 'WMT', 'JPM', 'V', 'IBM', 'AAPL', 'INTC', 'HD']","{'NKE': 0.0019860780344901664, 'DIS': 0.0016498304964429897, 'BA': 0.0014910460843557227, 'CSCO': 0.0011792472663328247, 'CRM': 0.0010390379935991657, 'MCD': 0.0008206711171052301, 'KO': 0.0006475377564213551, 'HON': 0.0006410443090729431, 'UNH': 0.00024118479648511655, 'MMM': 3.337396536368803e-05, 'AMZN': -0.0002560596977396756, 'GS': -0.00028655018784586907, 'AMGN': -0.0004241426368312813, 'JNJ': -0.0004312738591169631, 'AXP': -0.00044295929087038603, 'CAT': -0.0006427704099441231, 'TRV': -0.0006727094795216695, 'DOW': -0.0007335631605530041, 'CVX': -0.0007599178366199549, 'MSFT': -0.0008797425108795524, 'MRK': -0.001006591300369078, 'PG': -0.0011473681717747253, 'VZ': -0.0012204027037118685, 'WMT': -0.001510946114948495, 'JPM': -0.0016056489612992298, 'V': -0.0016802916616706974, 'IBM': -0.001758130763436715, 'AAPL': -0.0018317270663586157, 'INTC': -0.0022986545801070403, 'HD': -0.002948654512767645}",1.0,False,0.033747567501955095,5.599469960839996e-05,1.6592217973978722
2024-04-30,2024-05-01,ridge_cross_sectional_next_month_return,"{'alpha': 0.1, 'top_n': 30, 'weighting': 'equal', 'market_filter': False, 'rebalance_months': 1}","['MCD', 'BA', 'NKE', 'CRM', 'KO', 'CSCO', 'DIS', 'UNH', 'AAPL', 'JNJ', 'HON', 'AMZN', 'AMGN', 'PG', 'MSFT', 'V', 'AXP', 'MMM', 'WMT', 'CAT', 'GS', 'MRK', 'IBM', 'TRV', 'CVX', 'INTC', 'VZ', 'DOW', 'JPM', 'HD']","{'MCD': 0.0021780307360650727, 'BA': 0.0021741311454453755, 'NKE': 0.0017094613594731184, 'CRM': 0.001409584848754928, 'KO': 0.0013875923032307478, 'CSCO': 0.0012469102943624573, 'DIS': 0.0006241939388706402, 'UNH': 0.000540056291246617, 'AAPL': 0.000304148994630946, 'JNJ': 0.0002284366148122589, 'HON': 7.259696520005201e-05, 'AMZN': -0.0002428115913992075, 'AMGN': -0.0002985322092829086, 'PG': -0.0003083084598734146, 'MSFT': -0.0006168335161495452, 'V': -0.0006648390363476023, 'AXP': -0.000744347816824099, 'MMM': -0.0010967273430096348, 'WMT': -0.001121967118723542, 'CAT': -0.0012168915265613198, 'GS': -0.001448566526704261, 'MRK': -0.0015207714340654973, 'IBM': -0.0015391084956020546, 'TRV': -0.0016402685959140038, 'CVX': -0.0017629739117721952, 'INTC': -0.001811176184031096, 'VZ': -0.0018588772408102876, 'DOW': -0.002026064338936012, 'JPM': -0.0021650442598610464, 'HD': -0.002606570119788699}",1.0,False,0.051867744620674054,8.190658307645281e-05,1.5791429466513862
2024-05-31,2024-06-03,ridge_cross_sectional_next_month_return,"{'alpha': 0.1, 'top_n': 30, 'weighting': 'equal', 'market_filter': False, 'rebalance_months': 1}","['MCD', 'BA', 'CRM', 'UNH', 'NKE', 'DIS', 'KO', 'JNJ', 'AAPL', 'HON', 'INTC', 'AMZN', 'PG', 'MSFT', 'CSCO', 'MRK', 'CAT', 'AMGN', 'V', 'JPM', 'CVX', 'TRV', 'AXP', 'WMT', 'HD', 'GS', 'MMM', 'IBM', 'VZ', 'DOW']","{'MCD': 0.0027685652447888656, 'BA': 0.0022627858770832253, 'CRM': 0.001452791438800013, 'UNH': 0.0012904612715100771, 'NKE': 0.0012787218728587684, 'DIS': 0.0012177062402699951, 'KO': 0.0011776220807071596, 'JNJ': 0.0009736575603469951, 'AAPL': 0.0006945728939166983, 'HON': 0.0003755370900667348, 'INTC': -0.00023982225265838444, 'AMZN': -0.0006034273630781382, 'PG': -0.0006082032003410028, 'MSFT': -0.0007110732047987886, 'CSCO': -0.0008096472468304969, 'MRK': -0.0008145760089647289, 'CAT': -0.0010226410631174515, 'AMGN': -0.0010307853453977057, 'V': -0.0010400415264793321, 'JPM': -0.0015024537490488045, 'CVX': -0.0015323247540074052, 'TRV': -0.0015456372531912335, 'AXP': -0.001598073132884719, 'WMT': -0.0016021404191986432, 'HD': -0.0016890885284118803, 'GS': -0.0018340229285801674, 'MMM': -0.0019056467842817637, 'IBM': -0.0019234208910175747, 'VZ': -0.002135855814375278, 'DOW': -0.002141247683365483}",1.0,False,0.03581988136274478,5.7987167689695265e-05,1.6188542642691728
2024-06-28,2024-07-01,ridge_cross_sectional_next_month_return,"{'alpha': 0.1, 'top_n': 30, 'weighting': 'equal', 'market_filter': False, 'rebalance_months': 1}","['MCD', 'CRM', 'BA', 'UNH', 'NKE', 'CSCO', 'AAPL', 'JNJ', 'KO', 'HON', 'INTC', 'DIS', 'AMZN', 'MRK', 'MSFT', 'PG', 'AMGN', 'TRV', 'V', 'CAT', 'HD', 'WMT', 'JPM', 'IBM', 'CVX', 'AXP', 'MMM', 'GS', 'DOW', 'VZ']","{'MCD': 0.0024153510438747975, 'CRM': 0.0024135473298271225, 'BA': 0.00216112462774239, 'UNH': 0.0012855590493881751, 'NKE': 0.0009984074190419441, 'CSCO': 0.0007518450831705912, 'AAPL': 0.0006691585320598812, 'JNJ': 0.0006673089988445361, 'KO': 0.0005597409229735175, 'HON': 0.0005049166525642171, 'INTC': 0.00020792441534521412, 'DIS': 0.00020553511804817526, 'AMZN': 6.031382436440572e-05, 'MRK': -0.00022424786341753312, 'MSFT': -0.0002807932921310111, 'PG': -0.000506640826633408, 'AMGN': -0.0010428148552348285, 'TRV': -0.0011516583594457493, 'V': -0.001196681322722974, 'CAT': -0.0012717156917815178, 'HD': -0.001380894389321553, 'WMT': -0.0014894971913170546, 'JPM': -0.001549191582840814, 'IBM': -0.0015590460442898631, 'CVX': -0.0018296724261535559, 'AXP': -0.0019692824888873648, 'MMM': -0.002330742662220818, 'GS': -0.002579243874114904, 'DOW': -0.0026184909446915383, 'VZ': -0.0027534840894884575}",1.0,False,0.03896304829096237,6.344855174486699e-05,1.6284288454808635
2024-07-31,2024-08-01,ridge_cross_sectional_next_month_return,"{'alpha': 0.1, 'top_n': 30, 'weighting': 'equal', 'market_filter': False, 'rebalance_months': 1}","['MCD', 'BA', 'CRM', 'MSFT', 'JNJ', 'NKE', 'UNH', 'DIS', 'INTC', 'KO', 'AAPL', 'CSCO', 'HON', 'MRK', 'AMZN', 'PG', 'CAT', 'V', 'WMT', 'HD', 'AMGN', 'JPM', 'TRV', 'DOW', 'IBM', 'CVX', 'AXP', 'MMM', 'VZ', 'GS']","{'MCD': 0.0025802818317934265, 'BA': 0.001960087340854026, 'CRM': 0.0015265528875512801, 'MSFT': 0.0010146753110892878, 'JNJ': 0.000930789640544906, 'NKE': 0.0008425346140399606, 'UNH': 0.0006574459117454948, 'DIS': 0.0006269696767309897, 'INTC': 0.0005982400172232837, 'KO': 0.00038944103189833616, 'AAPL': 0.0003138189887395734, 'CSCO': 0.0002161544823511861, 'HON': 7.444903471779876e-05, 'MRK': -0.00013643399627449583, 'AMZN': -0.00017725265756323642, 'PG': -0.0004632823035785134, 'CAT': -0.0007058790961107209, 'V': -0.0008380617965410811, 'WMT': -0.0009235646005334188, 'HD': -0.001516383806596583, 'AMGN': -0.0015306386455527473, 'JPM': -0.001564053784577866, 'TRV': -0.0015702724993658893, 'DOW': -0.0015996012808958205, 'IBM': -0.0016101578035026636, 'CVX': -0.0018047951257751924, 'AXP': -0.0018709384351386722, 'MMM': -0.002100707460085208, 'VZ': -0.0028827382002896904, 'GS': -0.003243609983020094}",1.0,False,0.0486651604184372,8.20896748768399e-05,1.686826349096746
2024-08-30,2024-09-03,ridge_cross_sectional_next_month_return,"{'alpha': 0.1, 'top_n': 30, 'weighting': 'equal', 'market_filter': False, 'rebalance_months': 1}","['MCD', 'CRM', 'BA', 'MSFT', 'NKE', 'AAPL', 'INTC', 'CSCO', 'JNJ', 'DIS', 'AMZN', 'CAT', 'UNH', 'HON', 'PG', 'KO', 'MRK', 'JPM', 'V', 'HD', 'WMT', 'CVX', 'DOW', 'AMGN', 'AXP', 'IBM', 'TRV', 'GS', 'MMM', 'VZ']","{'MCD': 0.0023171367715238995, 'CRM': 0.0020772591930387076, 'BA': 0.0019280440412076858, 'MSFT': 0.001238910215489517, 'NKE': 0.0009381489319536087, 'AAPL': 0.0009331952617230252, 'INTC': 0.0009111623476735213, 'CSCO': 0.0008610828404844775, 'JNJ': 0.0008530345843046866, 'DIS': 0.0005946982514813198, 'AMZN': 0.0004121387040874349, 'CAT': 0.0003902157245453591, 'UNH': 6.938196390521024e-05, 'HON': -0.00014235569708072261, 'PG': -0.00024886262678917447, 'KO': -0.0003201914316750551, 'MRK': -0.0004042056454560942, 'JPM': -0.0006964929487625668, 'V': -0.0007688768719614015, 'HD': -0.0010345916774825326, 'WMT': -0.001157650796770832, 'CVX': -0.0013820219888280865, 'DOW': -0.0017594939784038928, 'AMGN': -0.0019585845105477657, 'AXP': -0.0020866263860040966, 'IBM': -0.0021687252537015258, 'TRV': -0.002182638626420399, 'GS': -0.0025844279088436273, 'MMM': -0.0029450023965180445, 'VZ': -0.004531819766479369}",1.0,False,0.05007060797845099,8.52780261382837e-05,1.7031553955762833
2024-09-30,2024-10-01,ridge_cross_sectional_next_month_return,"{'alpha': 0.1, 'top_n': 30, 'weighting': 'equal', 'market_filter': False, 'rebalance_months': 1}","['CRM', 'MCD', 'BA', 'INTC', 'MSFT', 'JNJ', 'NKE', 'AMZN', 'AAPL', 'UNH', 'DIS', 'CSCO', 'MRK', 'KO', 'CAT', 'HON', 'V', 'AMGN', 'PG', 'DOW', 'HD', 'CVX', 'JPM', 'IBM', 'WMT', 'AXP', 'TRV', 'GS', 'MMM', 'VZ']","{'CRM': 0.002280596581750459, 'MCD': 0.001972152523303811, 'BA': 0.0018369002532956826, 'INTC': 0.0013302836209868702, 'MSFT': 0.0010309282323554378, 'JNJ': 0.0009337624057027533, 'NKE': 0.0008131200471839487, 'AMZN': 0.000559699550807482, 'AAPL': 0.0005012736804733277, 'UNH': 0.000488804301568439, 'DIS': 0.0002592582762699939, 'CSCO': 0.00015787780636893848, 'MRK': -3.889840689881574e-05, 'KO': -0.00010420326219309816, 'CAT': -0.00018243614340840788, 'HON': -0.00018734638940627694, 'V': -0.0002445100811602114, 'AMGN': -0.0003821755459863665, 'PG': -0.00041562033091751475, 'DOW': -0.0013483301419294088, 'HD': -0.0014560623362101567, 'CVX': -0.0015052775070618844, 'JPM': -0.0015148216973828138, 'IBM': -0.0016954159787622544, 'WMT': -0.0017168375005989682, 'AXP': -0.0024724090771463827, 'TRV': -0.0026910700315106503, 'GS': -0.0028221066789250087, 'MMM': -0.0029900089666497613, 'VZ': -0.0032172780617858794}",1.0,False,0.039183139843015864,6.854612295836904e-05,1.7493780037279716
2024-10-31,2024-11-01,ridge_cross_sectional_next_month_return,"{'alpha': 0.1, 'top_n': 30, 'weighting': 'equal', 'market_filter': False, 'rebalance_months': 1}","['MCD', 'CRM', 'BA', 'MSFT', 'UNH', 'INTC', 'JNJ', 'AMGN', 'AAPL', 'NKE', 'AMZN', 'MRK', 'HON', 'DIS', 'CSCO', 'V', 'KO', 'PG', 'CAT', 'JPM', 'CVX', 'WMT', 'DOW', 'TRV', 'HD', 'AXP', 'IBM', 'GS', 'MMM', 'VZ']","{'MCD': 0.0018813891911633892, 'CRM': 0.001718173534792926, 'BA': 0.0016781218067224127, 'MSFT': 0.0015007620652099382, 'UNH': 0.0014173089675404474, 'INTC': 0.0013302836209868702, 'JNJ': 0.0010924419766427825, 'AMGN': 0.0010883866563680161, 'AAPL': 0.000807622241975787, 'NKE': 0.0007659440398745463, 'AMZN': 0.0007443519331841425, 'MRK': 0.00034328630402054175, 'HON': 0.00017057463628656185, 'DIS': 8.024950256862898e-05, 'CSCO': 4.3885000541552064e-05, 'V': -0.0003219564811539814, 'KO': -0.00038259788922644203, 'PG': -0.0005946291046188801, 'CAT': -0.0006294128230217674, 'JPM': -0.001402821274722852, 'CVX': -0.0014461017454409433, 'WMT': -0.001500842981160023, 'DOW': -0.001706347689332138, 'TRV': -0.0019349338736194658, 'HD': -0.001986002090958081, 'AXP': -0.002261961644672843, 'IBM': -0.00278040762152746, 'GS': -0.0027859611953740615, 'MMM': -0.003365211456781492, 'VZ': -0.004257099543443261}",1.0,False,0.0439801751130895,7.596401498112739e-05,1.727233117780806
2024-11-29,2024-12-02,ridge_cross_sectional_next_month_return,"{'alpha': 0.1, 'top_n': 30, 'weighting': 'equal', 'market_filter': False, 'rebalance_months': 1}","['NVDA', 'UNH', 'BA', 'CRM', 'MSFT', 'MCD', 'AMZN', 'MRK', 'NKE', 'AAPL', 'JNJ', 'DIS', 'AMGN', 'CSCO', 'HON', 'KO', 'PG', 'V', 'SHW', 'IBM', 'JPM', 'CAT', 'WMT', 'CVX', 'TRV', 'HD', 'AXP', 'GS', 'VZ', 'MMM']","{'NVDA': 0.002063277783696765, 'UNH': 0.0019496791692270293, 'BA': 0.0017158061805900627, 'CRM': 0.0015251026044752337, 'MSFT': 0.0014560054440381452, 'MCD': 0.0010837088717167835, 'AMZN': 0.0008649590468016704, 'MRK': 0.0006353136505181296, 'NKE': 0.0005206186554853947, 'AAPL': 0.00023642708242607128, 'JNJ': 0.000200033665398934, 'DIS': 4.946943866902993e-05, 'AMGN': 2.6945046629986988e-05, 'CSCO': -0.000120455762485105, 'HON': -0.00041701389814957103, 'KO': -0.0004894677437228427, 'PG': -0.0005610601142492017, 'V': -0.0008356506356674343, 'SHW': -0.001010739382091601, 'IBM': -0.0010273348863353321, 'JPM': -0.0011136541299865343, 'CAT': -0.001122866821121347, 'WMT': -0.0011346457230920744, 'CVX': -0.0017636906078866122, 'TRV': -0.002030317605398195, 'HD': -0.002037623371773661, 'AXP': -0.0025473907261637724, 'GS': -0.0027778062118229644, 'VZ': -0.0031530576377723617, 'MMM': -0.0031597869504279424}",1.0,False,0.17408444480017463,0.000320440759931576,1.8407202337888293
2024-12-31,2025-01-02,ridge_cross_sectional_next_month_return,"{'alpha': 0.1, 'top_n': 30, 'weighting': 'equal', 'market_filter': False, 'rebalance_months': 3}","['JPM', 'DIS', 'TRV', 'WMT', 'CAT', 'AXP', 'HON', 'AMZN', 'GS', 'JNJ', 'KO', 'BA', 'V', 'IBM', 'UNH', 'VZ', 'PG', 'AMGN', 'SHW', 'NVDA', 'NKE', 'MRK', 'MCD', 'CVX', 'MSFT', 'CSCO', 'HD', 'MMM', 'CRM', 'AAPL']","{'JPM': 0.005052688652646058, 'DIS': 0.0027650078162358978, 'TRV': 0.0026575063971141276, 'WMT': 0.0024805928182129403, 'CAT': 0.002341497126740122, 'AXP': 0.0016458114434732326, 'HON': 0.0015703364681357737, 'AMZN': 0.0012981386841080694, 'GS': 0.0010735499007871914, 'JNJ': 0.0009312872991498706, 'KO': 0.0008520315125026443, 'BA': 0.0005111084655924727, 'V': 0.00017308809953918566, 'IBM': 7.915788717393875e-05, 'UNH': -0.00025764187735249607, 'VZ': -0.00026640821815183556, 'PG': -0.00034677507832657213, 'AMGN': -0.0008343982425290004, 'SHW': -0.0009844176087363263, 'NVDA': -0.0010069130048560217, 'NKE': -0.001070870040805263, 'MRK': -0.001224181211706565, 'MCD': -0.0013180697067309017, 'CVX': -0.001605679541103986, 'MSFT': -0.0016262169518939842, 'CSCO': -0.0020138485175617998, 'HD': -0.002124086682859595, 'MMM': -0.0022012864165120243, 'CRM': -0.0027826962810563504, 'AAPL': -0.0032590287919856877}",1.0,False,0.04558766710994937,8.098581002850198e-05,1.7764850706920048
2025-03-31,2025-04-01,ridge_cross_sectional_next_month_return,"{'alpha': 0.1, 'top_n': 30, 'weighting': 'equal', 'market_filter': False, 'rebalance_months': 3}","['JPM', 'GS', 'KO', 'TRV', 'WMT', 'AXP', 'VZ', 'HON', 'MMM', 'NVDA', 'SHW', 'DIS', 'AMGN', 'HD', 'PG', 'UNH', 'MRK', 'AMZN', 'CAT', 'V', 'CSCO', 'JNJ', 'BA', 'NKE', 'MSFT', 'AAPL', 'IBM', 'CVX', 'MCD', 'CRM']","{'JPM': 0.004687029169069525, 'GS': 0.004576519154637019, 'KO': 0.0032842613427188317, 'TRV': 0.0031277607395077196, 'WMT': 0.002280461863509827, 'AXP': 0.0019322184505106766, 'VZ': 0.0016634247784574033, 'HON': 0.0015207043600349063, 'MMM': 0.0014014312485606945, 'NVDA': 0.0012102845355722697, 'SHW': 0.001026633784952507, 'DIS': 0.00013596629122872815, 'AMGN': 0.00011204448437079277, 'HD': 6.743438246875876e-05, 'PG': 1.8111464054040762e-06, 'UNH': -5.202514730408476e-05, 'MRK': -6.287962522688335e-05, 'AMZN': -0.0003384697106201401, 'CAT': -0.0009399841255120335, 'V': -0.000955144017390695, 'CSCO': -0.0010256895456284031, 'JNJ': -0.001575184448705843, 'BA': -0.0016972906742102798, 'NKE': -0.001768754397961245, 'MSFT': -0.001891613523178147, 'AAPL': -0.0020162768204994618, 'IBM': -0.002658305680979713, 'CVX': -0.0026641362221334042, 'MCD': -0.0032492016434290203, 'CRM': -0.00465497734977902}",1.0,False,0.10411744421722693,0.0001838836723767953,1.7661178082046167
2025-06-30,2025-07-01,ridge_cross_sectional_next_month_return,"{'alpha': 0.1, 'top_n': 30, 'weighting': 'equal', 'market_filter': False, 'rebalance_months': 3}","['JPM', 'GS', 'TRV', 'WMT', 'HD', 'DIS', 'AXP', 'SHW', 'VZ', 'HON', 'KO', 'MRK', 'UNH', 'V', 'MMM', 'PG', 'CSCO', 'CRM', 'NVDA', 'AMZN', 'IBM', 'CAT', 'MCD', 'BA', 'AMGN', 'JNJ', 'NKE', 'CVX', 'AAPL', 'MSFT']","{'JPM': 0.0057797073929096755, 'GS': 0.0056699807206906086, 'TRV': 0.005408916100392919, 'WMT': 0.0033816022157411255, 'HD': 0.0027455192975055598, 'DIS': 0.0023342004265292883, 'AXP': 0.002078742030082051, 'SHW': 0.0015675217640207736, 'VZ': 0.001538459293509817, 'HON': 0.0007919115958519461, 'KO': 0.0006216147805796282, 'MRK': -0.00011612572211582494, 'UNH': -0.0002611964178542356, 'V': -0.00037710771558486893, 'MMM': -0.000503769547284558, 'PG': -0.00063120710770227, 'CSCO': -0.0007702988955408971, 'CRM': -0.0008174946458493076, 'NVDA': -0.0009482479623070259, 'AMZN': -0.0010437989699826028, 'IBM': -0.0010742504625623891, 'CAT': -0.001296683286449721, 'MCD': -0.0019309694934693431, 'BA': -0.0020477279538844515, 'AMGN': -0.0022600586516775467, 'JNJ': -0.0022998570639686804, 'NKE': -0.0023546588883044395, 'CVX': -0.002753321191242351, 'AAPL': -0.004238526908246462, 'MSFT': -0.004773139233630513}",1.0,False,0.1271141697110345,0.00024031218080584733,1.8905223654620333
2025-09-30,2025-10-01,ridge_cross_sectional_next_month_return,"{'alpha': 0.1, 'top_n': 30, 'weighting': 'equal', 'market_filter': False, 'rebalance_months': 3}","['JPM', 'GS', 'TRV', 'WMT', 'DIS', 'V', 'KO', 'CSCO', 'VZ', 'IBM', 'AXP', 'AMZN', 'HD', 'MMM', 'PG', 'HON', 'UNH', 'BA', 'CRM', 'MRK', 'SHW', 'AMGN', 'MCD', 'CVX', 'NVDA', 'CAT', 'MSFT', 'NKE', 'JNJ', 'AAPL']","{'JPM': 0.0058984307067020125, 'GS': 0.005173950561983271, 'TRV': 0.004705088198672398, 'WMT': 0.004465468877465926, 'DIS': 0.003275721576172084, 'V': 0.0026982470689703355, 'KO': 0.0012361952005274983, 'CSCO': 0.0011077053149413725, 'VZ': 0.0008532788343415258, 'IBM': 0.0007899577405010327, 'AXP': 0.0006371723188603078, 'AMZN': 0.0006342072168612713, 'HD': 0.0003930303970189326, 'MMM': -3.674098737754957e-07, 'PG': -0.0001312848763735607, 'HON': -0.0003904283997210445, 'UNH': -0.0004136401548155888, 'BA': -0.0005822502388548982, 'CRM': -0.0006024755688769008, 'MRK': -0.0007638034031809491, 'SHW': -0.0010123247654969952, 'AMGN': -0.0019813728998159157, 'MCD': -0.0022016030284317404, 'CVX': -0.002422185757040976, 'NVDA': -0.0026970496051723566, 'CAT': -0.0028330969750197405, 'MSFT': -0.003013746047559848, 'NKE': -0.0030921248629724365, 'JNJ': -0.0032020390770592733, 'AAPL': -0.004674418130041968}",1.0,False,0.06673176018409352,0.00013191496967748751,1.976794397653718
